"","mean","sd","2.5%","25%","50%","75%","97.5%","Rhat","n.eff"
"N[1,1]",0,0,0,0,0,0,0,1,1
"N[2,1]",0,0,0,0,0,0,0,1,1
"N[3,1]",0,0,0,0,0,0,0,1,1
"N[4,1]",0,0,0,0,0,0,0,1,1
"N[5,1]",6.45877777777778,0.60507783473071,6,6,6,7,8,1.00086527920442,9000
"N[6,1]",1.00233333333333,0.0482508815665832,1,1,1,1,1,1.05914057023412,3300
"N[7,1]",1.001,0.0316087173471924,1,1,1,1,1,1.01788758572974,9000
"N[8,1]",0,0,0,0,0,0,0,1,1
"N[9,1]",4.02411111111111,0.157689129742502,4,4,4,4,4,1.00362681470006,8800
"N[10,1]",2.00044444444444,0.0210783367425791,2,2,2,2,2,1.16581273154802,5100
"N[11,1]",0.000222222222222222,0.0149062915616329,0,0,0,0,0,1.10541401761765,9000
"N[12,1]",4.13988888888889,0.354182208902265,4,4,4,4,5,1.00107885041898,8100
"N[13,1]",2.30166666666667,0.503788845009092,2,2,2,3,3,1.00132982821417,4000
"N[14,1]",2.02822222222222,0.166952897158126,2,2,2,2,3,1.00310318266118,6200
"N[15,1]",0,0,0,0,0,0,0,1,1
"N[16,1]",1.01155555555556,0.107914507192337,1,1,1,1,1,1.00298840386027,9000
"N[17,1]",1,0,1,1,1,1,1,1,1
"N[18,1]",0,0,0,0,0,0,0,1,1
"N[19,1]",3.03744444444444,0.193912587498655,3,3,3,3,4,1.00121277063583,9000
"N[20,1]",1.00355555555556,0.0595256858932001,1,1,1,1,1,1.01755124936664,7800
"N[21,1]",0,0,0,0,0,0,0,1,1
"N[22,1]",3.521,0.586550655354515,3,3,3,4,5,1.00092494091585,9000
"N[23,1]",2.00166666666667,0.0407930605124967,2,2,2,2,2,1.01932179381361,9000
"N[24,1]",0,0,0,0,0,0,0,1,1
"N[25,1]",1.00433333333333,0.0656889260369609,1,1,1,1,1,1.00084883834582,9000
"N[26,1]",0,0,0,0,0,0,0,1,1
"N[27,1]",0,0,0,0,0,0,0,1,1
"N[28,1]",0,0,0,0,0,0,0,1,1
"N[29,1]",2.08877777777778,0.292527705813051,2,2,2,2,3,1.00349380065173,2000
"N[30,1]",0,0,0,0,0,0,0,1,1
"N[31,1]",1,0,1,1,1,1,1,1,1
"N[32,1]",4.13733333333333,0.356897647314972,4,4,4,4,5,1.00092085980233,9000
"N[33,1]",0,0,0,0,0,0,0,1,1
"N[34,1]",0,0,0,0,0,0,0,1,1
"N[35,1]",0,0,0,0,0,0,0,1,1
"N[36,1]",2.02844444444444,0.17021136994686,2,2,2,2,3,1.00086400911835,9000
"N[37,1]",0,0,0,0,0,0,0,1,1
"N[38,1]",1.00011111111111,0.0105409255338946,1,1,1,1,1,1.29096419099281,9000
"N[39,1]",1,0,1,1,1,1,1,1,1
"N[40,1]",1,0,1,1,1,1,1,1,1
"N[41,1]",1,0,1,1,1,1,1,1,1
"N[42,1]",2.01055555555556,0.103283799829794,2,2,2,2,2,1.00128113275358,9000
"N[43,1]",0,0,0,0,0,0,0,1,1
"N[44,1]",1.00022222222222,0.0149062915616329,1,1,1,1,1,1.29114926422839,4500
"N[45,1]",1.002,0.0446790980484442,1,1,1,1,1,1.00444893911683,9000
"N[46,1]",2.15677777777778,0.377113123296698,2,2,2,2,3,1.00112671512659,6800
"N[47,1]",0,0,0,0,0,0,0,1,1
"N[48,1]",0,0,0,0,0,0,0,1,1
"N[49,1]",0,0,0,0,0,0,0,1,1
"N[50,1]",0,0,0,0,0,0,0,1,1
"N[51,1]",0,0,0,0,0,0,0,1,1
"N[52,1]",0,0,0,0,0,0,0,1,1
"N[53,1]",2.03911111111111,0.195582077467326,2,2,2,2,3,1.0016514585067,7700
"N[54,1]",0,0,0,0,0,0,0,1,1
"N[55,1]",2.00077777777778,0.0278793687453588,2,2,2,2,2,1.00989893672695,9000
"N[56,1]",2.01566666666667,0.124189113378608,2,2,2,2,2,1.00086530773364,9000
"N[57,1]",0,0,0,0,0,0,0,1,1
"N[58,1]",4.00055555555556,0.0235649870472576,4,4,4,4,4,1.07144436405174,9000
"N[59,1]",1.04811111111111,0.214531508345501,1,1,1,1,2,1.00089473784263,9000
"N[60,1]",0,0,0,0,0,0,0,1,1
"N[61,1]",0,0,0,0,0,0,0,1,1
"N[62,1]",1,0,1,1,1,1,1,1,1
"N[63,1]",0,0,0,0,0,0,0,1,1
"N[64,1]",3.02166666666667,0.146361964482522,3,3,3,3,3,1.00205104046195,9000
"N[65,1]",2.001,0.0316087173471924,2,2,2,2,2,1.0512682119667,9000
"N[66,1]",1.00377777777778,0.0613508303665097,1,1,1,1,1,1.00287021164905,9000
"N[67,1]",0,0,0,0,0,0,0,1,1
"N[68,1]",0,0,0,0,0,0,0,1,1
"N[69,1]",2.00044444444444,0.0210783367425791,2,2,2,2,2,1.16581273154802,5100
"N[70,1]",2.00111111111111,0.033316660644931,2,2,2,2,2,1.03317511773314,9000
"N[71,1]",0,0,0,0,0,0,0,1,1
"N[72,1]",2.00788888888889,0.0884732956653116,2,2,2,2,2,1.01589111281052,3900
"N[73,1]",0,0,0,0,0,0,0,1,1
"N[74,1]",0,0,0,0,0,0,0,1,1
"N[75,1]",1.00022222222222,0.0149062915616329,1,1,1,1,1,1.10541401761765,9000
"N[76,1]",1.00011111111111,0.0105409255338946,1,1,1,1,1,1.29096419099281,9000
"N[77,1]",2.08877777777778,0.286385244045608,2,2,2,2,3,1.00089892050051,9000
"N[78,1]",1.00133333333333,0.0364925132405761,1,1,1,1,1,1.08242174082626,4000
"N[79,1]",1.002,0.0446790980484442,1,1,1,1,1,1.0991909338379,2200
"N[80,1]",0,0,0,0,0,0,0,1,1
"N[81,1]",4.16755555555556,0.412512139685018,4,4,4,4,5,1.00139754810073,3500
"N[82,1]",0,0,0,0,0,0,0,1,1
"N[83,1]",0,0,0,0,0,0,0,1,1
"N[1,2]",0,0,0,0,0,0,0,1,1
"N[2,2]",2.091,0.28839675076877,2,2,2,2,3,1.00091276854589,9000
"N[3,2]",0,0,0,0,0,0,0,1,1
"N[4,2]",1.01155555555556,0.109954693829836,1,1,1,1,1,1.0047612772993,9000
"N[5,2]",1.00022222222222,0.0149062915616329,1,1,1,1,1,1.10541401761765,9000
"N[6,2]",0.000111111111111111,0.0105409255338946,0,0,0,0,0,1.29096419099281,9000
"N[7,2]",2.00377777777778,0.0613508303665097,2,2,2,2,2,1.02542172611628,5000
"N[8,2]",1.00055555555556,0.0235649870472576,1,1,1,1,1,1.01927067282884,9000
"N[9,2]",0,0,0,0,0,0,0,1,1
"N[10,2]",0,0,0,0,0,0,0,1,1
"N[11,2]",4.66933333333333,0.732156028638877,4,4,5,5,6,1.00164962877664,2400
"N[12,2]",2.00111111111111,0.033316660644931,2,2,2,2,2,1.03317511773314,9000
"N[13,2]",0,0,0,0,0,0,0,1,1
"N[14,2]",0,0,0,0,0,0,0,1,1
"N[15,2]",1.00122222222222,0.0349408649953384,1,1,1,1,1,1.10788919765656,3200
"N[16,2]",0,0,0,0,0,0,0,1,1
"N[17,2]",3,0,3,3,3,3,3,1,1
"N[18,2]",1.01722222222222,0.131802852585681,1,1,1,1,1,1.0010362228602,9000
"N[19,2]",3.07322222222222,0.264326486680375,3,3,3,3,4,1.00090848091567,9000
"N[20,2]",0,0,0,0,0,0,0,1,1
"N[21,2]",0,0,0,0,0,0,0,1,1
"N[22,2]",0,0,0,0,0,0,0,1,1
"N[23,2]",0,0,0,0,0,0,0,1,1
"N[24,2]",1.00455555555556,0.0673446834729235,1,1,1,1,1,1.08818190054646,1100
"N[25,2]",0,0,0,0,0,0,0,1,1
"N[26,2]",1.00044444444444,0.0210783367425791,1,1,1,1,1,1.10547079069668,9000
"N[27,2]",0,0,0,0,0,0,0,1,1
"N[28,2]",1.00022222222222,0.0149062915616329,1,1,1,1,1,1.10541401761765,9000
"N[29,2]",1.00877777777778,0.0932828775825956,1,1,1,1,1,1.00716975968579,7700
"N[30,2]",0,0,0,0,0,0,0,1,1
"N[31,2]",0,0,0,0,0,0,0,1,1
"N[32,2]",1.00377777777778,0.0613508303665097,1,1,1,1,1,1.03732131365149,3400
"N[33,2]",0,0,0,0,0,0,0,1,1
"N[34,2]",1.08111111111111,0.281438388058196,1,1,1,1,2,1.00083168373992,9000
"N[35,2]",0,0,0,0,0,0,0,1,1
"N[36,2]",3.24155555555556,0.450809327921876,3,3,3,3,4,1.00169851434979,2300
"N[37,2]",4.09411111111111,0.29727956614558,4,4,4,4,5,1.00112725285928,6800
"N[38,2]",1.00344444444444,0.0585914813526765,1,1,1,1,1,1.00657397754783,9000
"N[39,2]",3.00644444444444,0.0800226536309954,3,3,3,3,3,1.00713050700814,9000
"N[40,2]",0,0,0,0,0,0,0,1,1
"N[41,2]",0,0,0,0,0,0,0,1,1
"N[42,2]",0,0,0,0,0,0,0,1,1
"N[43,2]",1.00011111111111,0.0105409255338946,1,1,1,1,1,1.29096419099281,9000
"N[44,2]",0,0,0,0,0,0,0,1,1
"N[45,2]",0,0,0,0,0,0,0,1,1
"N[46,2]",0,0,0,0,0,0,0,1,1
"N[47,2]",0,0,0,0,0,0,0,1,1
"N[48,2]",0,0,0,0,0,0,0,1,1
"N[49,2]",0,0,0,0,0,0,0,1,1
"N[50,2]",0,0,0,0,0,0,0,1,1
"N[51,2]",0,0,0,0,0,0,0,1,1
"N[52,2]",1,0,1,1,1,1,1,1,1
"N[53,2]",1.02766666666667,0.165374440019346,1,1,1,1,2,1.00137260216309,9000
"N[54,2]",0,0,0,0,0,0,0,1,1
"N[55,2]",0,0,0,0,0,0,0,1,1
"N[56,2]",0,0,0,0,0,0,0,1,1
"N[57,2]",0,0,0,0,0,0,0,1,1
"N[58,2]",0,0,0,0,0,0,0,1,1
"N[59,2]",1.007,0.0833772895886985,1,1,1,1,1,1.00250621538657,9000
"N[60,2]",0,0,0,0,0,0,0,1,1
"N[61,2]",0,0,0,0,0,0,0,1,1
"N[62,2]",1,0,1,1,1,1,1,1,1
"N[63,2]",0,0,0,0,0,0,0,1,1
"N[64,2]",2.03955555555556,0.197753305518676,2,2,2,2,3,1.00090252378978,9000
"N[65,2]",2.01366666666667,0.117062520633557,2,2,2,2,2,1.00417815646446,9000
"N[66,2]",0,0,0,0,0,0,0,1,1
"N[67,2]",3.21311111111111,0.423927745890555,3,3,3,3,4,1.00093029420962,9000
"N[68,2]",0,0,0,0,0,0,0,1,1
"N[69,2]",0,0,0,0,0,0,0,1,1
"N[70,2]",2.00011111111111,0.0105409255338946,2,2,2,2,2,1.29096419099293,9000
"N[71,2]",1.00488888888889,0.0697533387629083,1,1,1,1,1,1.01087074731776,9000
"N[72,2]",0,0,0,0,0,0,0,1,1
"N[73,2]",1.00011111111111,0.0105409255338946,1,1,1,1,1,1.29096419099281,9000
"N[74,2]",1.00077777777778,0.0278793687453588,1,1,1,1,1,1.0645299215792,9000
"N[75,2]",1.00033333333333,0.0182553896432777,1,1,1,1,1,1.00083165550656,9000
"N[76,2]",0,0,0,0,0,0,0,1,1
"N[77,2]",1,0,1,1,1,1,1,1,1
"N[78,2]",1.00211111111111,0.0459008542371594,1,1,1,1,1,1.08829776953437,2300
"N[79,2]",1.00122222222222,0.0349408649953384,1,1,1,1,1,1.00394928690493,9000
"N[80,2]",0,0,0,0,0,0,0,1,1
"N[81,2]",0,0,0,0,0,0,0,1,1
"N[82,2]",0,0,0,0,0,0,0,1,1
"N[83,2]",2.01933333333333,0.138505990207132,2,2,2,2,2,1.00086676581343,9000
"N[1,3]",0,0,0,0,0,0,0,1,1
"N[2,3]",0,0,0,0,0,0,0,1,1
"N[3,3]",2.02377777777778,0.153816346127412,2,2,2,2,2,1.00089463860797,9000
"N[4,3]",1.01211111111111,0.109388123797034,1,1,1,1,1,1.01256717233905,3200
"N[5,3]",1.00011111111111,0.0105409255338946,1,1,1,1,1,1.29096419099281,9000
"N[6,3]",0.000333333333333333,0.0182553896432777,0,0,0,0,0,1.13383652396637,9000
"N[7,3]",2.023,0.15065106694462,2,2,2,2,2,1.00187290962301,9000
"N[8,3]",2.03888888888889,0.194486993018197,2,2,2,2,3,1.00141684233849,8100
"N[9,3]",0,0,0,0,0,0,0,1,1
"N[10,3]",0,0,0,0,0,0,0,1,1
"N[11,3]",1.05566666666667,0.233134522851256,1,1,1,1,2,1.00143928551125,5300
"N[12,3]",1,0,1,1,1,1,1,1,1
"N[13,3]",3.19811111111111,0.44019713543504,3,3,3,3,4,1.00142492885046,3400
"N[14,3]",0,0,0,0,0,0,0,1,1
"N[15,3]",0,0,0,0,0,0,0,1,1
"N[16,3]",0,0,0,0,0,0,0,1,1
"N[17,3]",0,0,0,0,0,0,0,1,1
"N[18,3]",0.000111111111111111,0.0105409255338946,0,0,0,0,0,1.29096419099281,9000
"N[19,3]",0,0,0,0,0,0,0,1,1
"N[20,3]",0,0,0,0,0,0,0,1,1
"N[21,3]",1.00544444444444,0.0735894298164583,1,1,1,1,1,1.00318583571107,9000
"N[22,3]",0,0,0,0,0,0,0,1,1
"N[23,3]",1,0,1,1,1,1,1,1,1
"N[24,3]",0,0,0,0,0,0,0,1,1
"N[25,3]",3.16877777777778,0.387982973043195,3,3,3,3,4,1.00091467343594,9000
"N[26,3]",0,0,0,0,0,0,0,1,1
"N[27,3]",1,0,1,1,1,1,1,1,1
"N[28,3]",0,0,0,0,0,0,0,1,1
"N[29,3]",2.02833333333333,0.166600905647052,2,2,2,2,3,1.00227052903951,8500
"N[30,3]",1,0,1,1,1,1,1,1,1
"N[31,3]",3,0,3,3,3,3,3,1,1
"N[32,3]",0,0,0,0,0,0,0,1,1
"N[33,3]",0,0,0,0,0,0,0,1,1
"N[34,3]",1.00066666666667,0.0258127149896996,1,1,1,1,1,1.00083165550656,9000
"N[35,3]",4.14744444444444,0.372898597414927,4,4,4,4,5,1.00270112123832,1900
"N[36,3]",2.19211111111111,0.401248176041222,2,2,2,2,3,1.00099218261987,9000
"N[37,3]",1.00077777777778,0.0278793687453588,1,1,1,1,1,1.0383633503644,9000
"N[38,3]",1.00022222222222,0.0149062915616329,1,1,1,1,1,1.29114926422839,4500
"N[39,3]",2.00033333333333,0.0182553896432777,2,2,2,2,2,1.13383652396642,9000
"N[40,3]",2.00188888888889,0.0434226955754962,2,2,2,2,2,1.01177162291477,9000
"N[41,3]",1,0,1,1,1,1,1,1,1
"N[42,3]",3.02344444444444,0.152780366707925,3,3,3,3,3,1.0011422183439,9000
"N[43,3]",0,0,0,0,0,0,0,1,1
"N[44,3]",0,0,0,0,0,0,0,1,1
"N[45,3]",1.00922222222222,0.0955938711097627,1,1,1,1,1,1.00475393351757,9000
"N[46,3]",0,0,0,0,0,0,0,1,1
"N[47,3]",1.00233333333333,0.0482508815665832,1,1,1,1,1,1.03848588185316,5200
"N[48,3]",1,0,1,1,1,1,1,1,1
"N[49,3]",0,0,0,0,0,0,0,1,1
"N[50,3]",0,0,0,0,0,0,0,1,1
"N[51,3]",0,0,0,0,0,0,0,1,1
"N[52,3]",0,0,0,0,0,0,0,1,1
"N[53,3]",0,0,0,0,0,0,0,1,1
"N[54,3]",2.00011111111111,0.0105409255338946,2,2,2,2,2,1.29096419099293,9000
"N[55,3]",0,0,0,0,0,0,0,1,1
"N[56,3]",1,0,1,1,1,1,1,1,1
"N[57,3]",1.00022222222222,0.0149062915616329,1,1,1,1,1,1.10541401761765,9000
"N[58,3]",0,0,0,0,0,0,0,1,1
"N[59,3]",3.01866666666667,0.140191794711271,3,3,3,3,3,1.00831637070997,3600
"N[60,3]",1.001,0.0316087173471924,1,1,1,1,1,1.05126821196672,9000
"N[61,3]",0,0,0,0,0,0,0,1,1
"N[62,3]",3.02188888888889,0.146328891744836,3,3,3,3,3,1.00426364558665,5200
"N[63,3]",0,0,0,0,0,0,0,1,1
"N[64,3]",1.00011111111111,0.0105409255338946,1,1,1,1,1,1.29096419099281,9000
"N[65,3]",0,0,0,0,0,0,0,1,1
"N[66,3]",0,0,0,0,0,0,0,1,1
"N[67,3]",3.06866666666667,0.256824617824071,3,3,3,3,4,1.00091021855346,9000
"N[68,3]",0,0,0,0,0,0,0,1,1
"N[69,3]",0,0,0,0,0,0,0,1,1
"N[70,3]",0,0,0,0,0,0,0,1,1
"N[71,3]",2.00455555555556,0.0673446834729235,2,2,2,2,2,1.02939736496829,3600
"N[72,3]",0,0,0,0,0,0,0,1,1
"N[73,3]",0,0,0,0,0,0,0,1,1
"N[74,3]",2.00422222222222,0.0648449093502885,2,2,2,2,2,1.03021928274793,3700
"N[75,3]",1.002,0.0446790980484442,1,1,1,1,1,1.00444893911683,9000
"N[76,3]",0,0,0,0,0,0,0,1,1
"N[77,3]",4.03922222222222,0.196975281815653,4,4,4,4,5,1.00085398437474,9000
"N[78,3]",1.00266666666667,0.0515737442364432,1,1,1,1,1,1.00759802291739,9000
"N[79,3]",0,0,0,0,0,0,0,1,1
"N[80,3]",0,0,0,0,0,0,0,1,1
"N[81,3]",0,0,0,0,0,0,0,1,1
"N[82,3]",1.00011111111111,0.0105409255338946,1,1,1,1,1,1.29096419099281,9000
"N[83,3]",2.00211111111111,0.0459008542371594,2,2,2,2,2,1.01743806462379,9000
"N[1,4]",0,0,0,0,0,0,0,1,1
"N[2,4]",0,0,0,0,0,0,0,1,1
"N[3,4]",0,0,0,0,0,0,0,1,1
"N[4,4]",1.00155555555556,0.0394120335975004,1,1,1,1,1,1.04518711194369,6600
"N[5,4]",0,0,0,0,0,0,0,1,1
"N[6,4]",3.07833333333333,0.276053780124558,3,3,3,3,4,1.0010605438736,8700
"N[7,4]",0,0,0,0,0,0,0,1,1
"N[8,4]",1.00055555555556,0.0235649870472576,1,1,1,1,1,1.18877434497323,3500
"N[9,4]",2.01377777777778,0.117523220997682,2,2,2,2,2,1.00572161880804,6400
"N[10,4]",6.19244444444444,0.40700148408551,6,6,6,6,7,1.00095745379287,9000
"N[11,4]",1.00377777777778,0.0613508303665097,1,1,1,1,1,1.00083822171707,9000
"N[12,4]",2.05922222222222,0.236523548027658,2,2,2,2,3,1.00110400549905,7400
"N[13,4]",0,0,0,0,0,0,0,1,1
"N[14,4]",2.00333333333333,0.0576419239707033,2,2,2,2,2,1.08903367947817,1500
"N[15,4]",1,0,1,1,1,1,1,1,1
"N[16,4]",0,0,0,0,0,0,0,1,1
"N[17,4]",1,0,1,1,1,1,1,1,1
"N[18,4]",0,0,0,0,0,0,0,1,1
"N[19,4]",2.00666666666667,0.0813815587615295,2,2,2,2,2,1.01105578350011,6600
"N[20,4]",0,0,0,0,0,0,0,1,1
"N[21,4]",0,0,0,0,0,0,0,1,1
"N[22,4]",1.00188888888889,0.0434226955754962,1,1,1,1,1,1.06715299175698,3600
"N[23,4]",1.00044444444444,0.0210783367425791,1,1,1,1,1,1.02971645909575,9000
"N[24,4]",2.00744444444444,0.0885118049639834,2,2,2,2,2,1.00667870890222,7300
"N[25,4]",0,0,0,0,0,0,0,1,1
"N[26,4]",1,0,1,1,1,1,1,1,1
"N[27,4]",0,0,0,0,0,0,0,1,1
"N[28,4]",2.01666666666667,0.129750544937375,2,2,2,2,2,1.00311244456228,9000
"N[29,4]",0,0,0,0,0,0,0,1,1
"N[30,4]",1,0,1,1,1,1,1,1,1
"N[31,4]",1,0,1,1,1,1,1,1,1
"N[32,4]",1.00044444444444,0.0210783367425791,1,1,1,1,1,1.02971645909575,9000
"N[33,4]",2.03422222222222,0.181809610517899,2,2,2,2,3,1.0008682929047,9000
"N[34,4]",2.06733333333333,0.260184484968779,2,2,2,2,3,1.00084334672502,9000
"N[35,4]",1.001,0.0316087173471924,1,1,1,1,1,1.05124713344716,9000
"N[36,4]",1.00011111111111,0.0105409255338946,1,1,1,1,1,1.29096419099281,9000
"N[37,4]",0,0,0,0,0,0,0,1,1
"N[38,4]",2.00822222222222,0.0903079368229792,2,2,2,2,2,1.01356725638788,4400
"N[39,4]",1,0,1,1,1,1,1,1,1
"N[40,4]",0,0,0,0,0,0,0,1,1
"N[41,4]",0,0,0,0,0,0,0,1,1
"N[42,4]",1,0,1,1,1,1,1,1,1
"N[43,4]",3.27444444444444,0.464080643502817,3,3,3,4,4,1.00106648988305,8500
"N[44,4]",0,0,0,0,0,0,0,1,1
"N[45,4]",0,0,0,0,0,0,0,1,1
"N[46,4]",4.93555555555556,0.747527853075526,4,4,5,5,7,1.00154426220817,2800
"N[47,4]",6.81344444444444,0.677268362587467,6,6,7,7,8,1.00112368394083,6900
"N[48,4]",1,0,1,1,1,1,1,1,1
"N[49,4]",0,0,0,0,0,0,0,1,1
"N[50,4]",0,0,0,0,0,0,0,1,1
"N[51,4]",0,0,0,0,0,0,0,1,1
"N[52,4]",1,0,1,1,1,1,1,1,1
"N[53,4]",0,0,0,0,0,0,0,1,1
"N[54,4]",0,0,0,0,0,0,0,1,1
"N[55,4]",4.15488888888889,0.375088964353802,4,4,4,4,5,1.00084346612187,9000
"N[56,4]",1,0,1,1,1,1,1,1,1
"N[57,4]",0,0,0,0,0,0,0,1,1
"N[58,4]",1.00144444444444,0.0379804990028168,1,1,1,1,1,1.00278715036348,9000
"N[59,4]",0,0,0,0,0,0,0,1,1
"N[60,4]",1.00011111111111,0.0105409255338946,1,1,1,1,1,1.29096419099281,9000
"N[61,4]",0,0,0,0,0,0,0,1,1
"N[62,4]",0,0,0,0,0,0,0,1,1
"N[63,4]",2.00455555555556,0.0673446834729235,2,2,2,2,2,1.00192750879616,9000
"N[64,4]",2.18788888888889,0.399366078534132,2,2,2,2,3,1.00084841537207,9000
"N[65,4]",0,0,0,0,0,0,0,1,1
"N[66,4]",1.00955555555556,0.0984253297162383,1,1,1,1,1,1.00087122698109,9000
"N[67,4]",0,0,0,0,0,0,0,1,1
"N[68,4]",0,0,0,0,0,0,0,1,1
"N[69,4]",0,0,0,0,0,0,0,1,1
"N[70,4]",0,0,0,0,0,0,0,1,1
"N[71,4]",3.09666666666667,0.3040453993156,3,3,3,3,4,1.0008662720036,9000
"N[72,4]",0,0,0,0,0,0,0,1,1
"N[73,4]",0,0,0,0,0,0,0,1,1
"N[74,4]",0,0,0,0,0,0,0,1,1
"N[75,4]",0,0,0,0,0,0,0,1,1
"N[76,4]",1,0,1,1,1,1,1,1,1
"N[77,4]",0,0,0,0,0,0,0,1,1
"N[78,4]",1.00122222222222,0.0349408649953384,1,1,1,1,1,1.07034777657269,5200
"N[79,4]",1.00055555555556,0.0235649870472576,1,1,1,1,1,1.07144436405175,9000
"N[80,4]",0,0,0,0,0,0,0,1,1
"N[81,4]",1.02577777777778,0.158480518126285,1,1,1,1,2,1.00083263952382,9000
"N[82,4]",1,0,1,1,1,1,1,1,1
"N[83,4]",2.01822222222222,0.133761582142928,2,2,2,2,2,1.00853414192711,3200
"N[1,5]",2.02633333333333,0.163566416674173,2,2,2,2,3,1.00094211488979,9000
"N[2,5]",1.00022222222222,0.0149062915616329,1,1,1,1,1,1.29114926422839,4500
"N[3,5]",0,0,0,0,0,0,0,1,1
"N[4,5]",0.000333333333333333,0.0182553896432777,0,0,0,0,0,1.13383652396637,9000
"N[5,5]",0,0,0,0,0,0,0,1,1
"N[6,5]",3.21488888888889,0.443295913227217,3,3,3,3,4,1.00088008395865,9000
"N[7,5]",0,0,0,0,0,0,0,1,1
"N[8,5]",1.00888888888889,0.0938661575178048,1,1,1,1,1,1.01667406833766,3300
"N[9,5]",0,0,0,0,0,0,0,1,1
"N[10,5]",1,0,1,1,1,1,1,1,1
"N[11,5]",0,0,0,0,0,0,0,1,1
"N[12,5]",1,0,1,1,1,1,1,1,1
"N[13,5]",0,0,0,0,0,0,0,1,1
"N[14,5]",0,0,0,0,0,0,0,1,1
"N[15,5]",1.00011111111111,0.0105409255338946,1,1,1,1,1,1.29096419099281,9000
"N[16,5]",1.00511111111111,0.0713130613263366,1,1,1,1,1,1.00083651529274,9000
"N[17,5]",0,0,0,0,0,0,0,1,1
"N[18,5]",0,0,0,0,0,0,0,1,1
"N[19,5]",0,0,0,0,0,0,0,1,1
"N[20,5]",1.00744444444444,0.0859642122358727,1,1,1,1,1,1.01906049073339,3400
"N[21,5]",0.000111111111111111,0.0105409255338946,0,0,0,0,0,1.29096419099281,9000
"N[22,5]",2.02711111111111,0.163098978185223,2,2,2,2,3,1.0009313846887,9000
"N[23,5]",0,0,0,0,0,0,0,1,1
"N[24,5]",0,0,0,0,0,0,0,1,1
"N[25,5]",0,0,0,0,0,0,0,1,1
"N[26,5]",0,0,0,0,0,0,0,1,1
"N[27,5]",3.01177777777778,0.107890477342461,3,3,3,3,3,1.0008465179188,9000
"N[28,5]",0,0,0,0,0,0,0,1,1
"N[29,5]",1.00144444444444,0.0379804990028168,1,1,1,1,1,1.00278715036348,9000
"N[30,5]",2.00022222222222,0.0149062915616329,2,2,2,2,2,1.10541401761771,9000
"N[31,5]",3.00011111111111,0.0105409255338946,3,3,3,3,3,1.29096419099296,9000
"N[32,5]",0,0,0,0,0,0,0,1,1
"N[33,5]",0,0,0,0,0,0,0,1,1
"N[34,5]",1.02388888888889,0.154159965325992,1,1,1,1,1,1.00091265941301,9000
"N[35,5]",0,0,0,0,0,0,0,1,1
"N[36,5]",0,0,0,0,0,0,0,1,1
"N[37,5]",2.00111111111111,0.033316660644931,2,2,2,2,2,1.03317511773314,9000
"N[38,5]",0,0,0,0,0,0,0,1,1
"N[39,5]",0,0,0,0,0,0,0,1,1
"N[40,5]",0,0,0,0,0,0,0,1,1
"N[41,5]",1,0,1,1,1,1,1,1,1
"N[42,5]",0,0,0,0,0,0,0,1,1
"N[43,5]",0,0,0,0,0,0,0,1,1
"N[44,5]",0,0,0,0,0,0,0,1,1
"N[45,5]",1.00033333333333,0.0182553896432777,1,1,1,1,1,1.00083165550656,9000
"N[46,5]",1.00255555555556,0.0504906718889407,1,1,1,1,1,1.00084135019979,9000
"N[47,5]",0,0,0,0,0,0,0,1,1
"N[48,5]",1,0,1,1,1,1,1,1,1
"N[49,5]",0,0,0,0,0,0,0,1,1
"N[50,5]",1.00422222222222,0.0648449093502885,1,1,1,1,1,1.01751295740088,6600
"N[51,5]",0,0,0,0,0,0,0,1,1
"N[52,5]",0,0,0,0,0,0,0,1,1
"N[53,5]",0,0,0,0,0,0,0,1,1
"N[54,5]",2.00066666666667,0.0258127149896996,2,2,2,2,2,1.03911532893697,9000
"N[55,5]",1.00522222222222,0.0720800103923517,1,1,1,1,1,1.00953257458478,9000
"N[56,5]",2.00033333333333,0.0182553896432777,2,2,2,2,2,1.00083165550656,9000
"N[57,5]",0,0,0,0,0,0,0,1,1
"N[58,5]",1.00022222222222,0.0149062915616329,1,1,1,1,1,1.29114926422839,4500
"N[59,5]",0,0,0,0,0,0,0,1,1
"N[60,5]",0,0,0,0,0,0,0,1,1
"N[61,5]",2.00266666666667,0.0515737442364432,2,2,2,2,2,1.03929050827415,4500
"N[62,5]",1,0,1,1,1,1,1,1,1
"N[63,5]",1,0,1,1,1,1,1,1,1
"N[64,5]",0,0,0,0,0,0,0,1,1
"N[65,5]",4.04111111111111,0.199674390154174,4,4,4,4,5,1.00400078497726,3400
"N[66,5]",0,0,0,0,0,0,0,1,1
"N[67,5]",0,0,0,0,0,0,0,1,1
"N[68,5]",2.07144444444444,0.259300010437853,2,2,2,2,3,1.00305162651299,2500
"N[69,5]",3.05266666666667,0.225360646130899,3,3,3,3,4,1.00362428571763,2600
"N[70,5]",1,0,1,1,1,1,1,1,1
"N[71,5]",2.00711111111111,0.0840317071221008,2,2,2,2,2,1.00085615579801,9000
"N[72,5]",0,0,0,0,0,0,0,1,1
"N[73,5]",1,0,1,1,1,1,1,1,1
"N[74,5]",0,0,0,0,0,0,0,1,1
"N[75,5]",1.04833333333333,0.214481546042128,1,1,1,1,2,1.00091063400553,9000
"N[76,5]",1.00033333333333,0.0182553896432777,1,1,1,1,1,1.13383652396637,9000
"N[77,5]",1.00144444444444,0.0379804990028168,1,1,1,1,1,1.01998137758787,9000
"N[78,5]",1.01355555555556,0.115642934890412,1,1,1,1,1,1.00357693777322,9000
"N[79,5]",4.44411111111111,0.579484799102835,4,4,4,5,6,1.00114763380764,6300
"N[80,5]",0,0,0,0,0,0,0,1,1
"N[81,5]",0,0,0,0,0,0,0,1,1
"N[82,5]",3.05522222222222,0.229397078973798,3,3,3,3,4,1.00086623402168,9000
"N[83,5]",0,0,0,0,0,0,0,1,1
"N[1,6]",0,0,0,0,0,0,0,1,1
"N[2,6]",0,0,0,0,0,0,0,1,1
"N[3,6]",1.00022222222222,0.0149062915616329,1,1,1,1,1,1.29114926422839,4500
"N[4,6]",0,0,0,0,0,0,0,1,1
"N[5,6]",1.004,0.0631224422520019,1,1,1,1,1,1.02131274391726,5700
"N[6,6]",0,0,0,0,0,0,0,1,1
"N[7,6]",0,0,0,0,0,0,0,1,1
"N[8,6]",1.00022222222222,0.0149062915616329,1,1,1,1,1,1.29114926422839,4500
"N[9,6]",0,0,0,0,0,0,0,1,1
"N[10,6]",0,0,0,0,0,0,0,1,1
"N[11,6]",0,0,0,0,0,0,0,1,1
"N[12,6]",2.01011111111111,0.100049931355217,2,2,2,2,2,1.00539617386036,8900
"N[13,6]",0.000111111111111111,0.0105409255338946,0,0,0,0,0,1.29096419099281,9000
"N[14,6]",0,0,0,0,0,0,0,1,1
"N[15,6]",1.00022222222222,0.0149062915616329,1,1,1,1,1,1.10541401761765,9000
"N[16,6]",1.00122222222222,0.0349408649953384,1,1,1,1,1,1.02762690520418,9000
"N[17,6]",1,0,1,1,1,1,1,1,1
"N[18,6]",0,0,0,0,0,0,0,1,1
"N[19,6]",1.03166666666667,0.175754212702248,1,1,1,1,2,1.00091160700004,9000
"N[20,6]",0,0,0,0,0,0,0,1,1
"N[21,6]",2.21122222222222,0.432004781826297,2,2,2,2,3,1.00128263189782,4400
"N[22,6]",1.00133333333333,0.0364925132405761,1,1,1,1,1,1.06584632746331,5100
"N[23,6]",0,0,0,0,0,0,0,1,1
"N[24,6]",2.108,0.319917758072625,2,2,2,2,3,1.00111607156503,7000
"N[25,6]",1,0,1,1,1,1,1,1,1
"N[26,6]",1,0,1,1,1,1,1,1,1
"N[27,6]",0,0,0,0,0,0,0,1,1
"N[28,6]",0,0,0,0,0,0,0,1,1
"N[29,6]",0,0,0,0,0,0,0,1,1
"N[30,6]",1,0,1,1,1,1,1,1,1
"N[31,6]",1,0,1,1,1,1,1,1,1
"N[32,6]",2.04611111111111,0.209737369809956,2,2,2,2,3,1.0044568374825,2400
"N[33,6]",1,0,1,1,1,1,1,1,1
"N[34,6]",0.000222222222222222,0.0149062915616329,0,0,0,0,0,1.29114926422839,4500
"N[35,6]",2.00088888888889,0.0298026417291841,2,2,2,2,2,1.12194104412669,3800
"N[36,6]",1.00166666666667,0.0407930605124967,1,1,1,1,1,1.02556585434426,9000
"N[37,6]",2.02766666666667,0.164701118682869,2,2,2,2,3,1.00086423113482,9000
"N[38,6]",1,0,1,1,1,1,1,1,1
"N[39,6]",1.00011111111111,0.0105409255338946,1,1,1,1,1,1.29096419099281,9000
"N[40,6]",3.062,0.244827363312243,3,3,3,3,4,1.0008473905954,9000
"N[41,6]",0,0,0,0,0,0,0,1,1
"N[42,6]",0,0,0,0,0,0,0,1,1
"N[43,6]",0,0,0,0,0,0,0,1,1
"N[44,6]",1.00022222222222,0.0149062915616329,1,1,1,1,1,1.10541401761765,9000
"N[45,6]",3.06288888888889,0.243233781362084,3,3,3,3,4,1.00197575677391,3800
"N[46,6]",0,0,0,0,0,0,0,1,1
"N[47,6]",3.00177777777778,0.0421285471570065,3,3,3,3,3,1.04551223537268,5800
"N[48,6]",0,0,0,0,0,0,0,1,1
"N[49,6]",2.00177777777778,0.0421285471570065,2,2,2,2,2,1.08401143028833,2900
"N[50,6]",0,0,0,0,0,0,0,1,1
"N[51,6]",0,0,0,0,0,0,0,1,1
"N[52,6]",2.00144444444444,0.0379804990028168,2,2,2,2,2,1.05187831583748,6200
"N[53,6]",0.000111111111111111,0.0105409255338946,0,0,0,0,0,1.29096419099281,9000
"N[54,6]",2.00011111111111,0.0105409255338946,2,2,2,2,2,1.29096419099293,9000
"N[55,6]",0,0,0,0,0,0,0,1,1
"N[56,6]",0,0,0,0,0,0,0,1,1
"N[57,6]",1.00011111111111,0.0105409255338946,1,1,1,1,1,1.29096419099281,9000
"N[58,6]",1.00011111111111,0.0105409255338946,1,1,1,1,1,1.29096419099281,9000
"N[59,6]",0,0,0,0,0,0,0,1,1
"N[60,6]",0,0,0,0,0,0,0,1,1
"N[61,6]",0,0,0,0,0,0,0,1,1
"N[62,6]",0,0,0,0,0,0,0,1,1
"N[63,6]",0,0,0,0,0,0,0,1,1
"N[64,6]",0,0,0,0,0,0,0,1,1
"N[65,6]",0,0,0,0,0,0,0,1,1
"N[66,6]",0.000111111111111111,0.0105409255338946,0,0,0,0,0,1.29096419099281,9000
"N[67,6]",2.03055555555556,0.173406168005551,2,2,2,2,3,1.00134978171449,9000
"N[68,6]",0,0,0,0,0,0,0,1,1
"N[69,6]",0,0,0,0,0,0,0,1,1
"N[70,6]",0,0,0,0,0,0,0,1,1
"N[71,6]",0,0,0,0,0,0,0,1,1
"N[72,6]",0,0,0,0,0,0,0,1,1
"N[73,6]",0,0,0,0,0,0,0,1,1
"N[74,6]",0,0,0,0,0,0,0,1,1
"N[75,6]",0,0,0,0,0,0,0,1,1
"N[76,6]",0,0,0,0,0,0,0,1,1
"N[77,6]",2.44133333333333,0.510041843891538,2,2,2,3,3,1.00092815725122,9000
"N[78,6]",2.02588888888889,0.160205962865663,2,2,2,2,3,1.00085838579024,9000
"N[79,6]",1.00166666666667,0.0407930605124967,1,1,1,1,1,1.02556585434426,9000
"N[80,6]",0,0,0,0,0,0,0,1,1
"N[81,6]",1.00155555555556,0.0394120335975004,1,1,1,1,1,1.01727795670814,9000
"N[82,6]",0,0,0,0,0,0,0,1,1
"N[83,6]",0,0,0,0,0,0,0,1,1
"N[1,7]",0,0,0,0,0,0,0,1,1
"N[2,7]",3.004,0.0631224422520019,3,3,3,3,3,1.01466449226656,8300
"N[3,7]",0,0,0,0,0,0,0,1,1
"N[4,7]",0,0,0,0,0,0,0,1,1
"N[5,7]",0,0,0,0,0,0,0,1,1
"N[6,7]",5.37855555555556,0.799854222065133,4,5,5,6,7,1.00083263469026,9000
"N[7,7]",0,0,0,0,0,0,0,1,1
"N[8,7]",2.00577777777778,0.0757959985670266,2,2,2,2,2,1.03009022782538,2800
"N[9,7]",2.03155555555556,0.177973124267927,2,2,2,2,3,1.00199743595342,8400
"N[10,7]",0,0,0,0,0,0,0,1,1
"N[11,7]",0.000222222222222222,0.0149062915616329,0,0,0,0,0,1.29114926422839,4500
"N[12,7]",1.00533333333333,0.0728387148876707,1,1,1,1,1,1.00245500197176,9000
"N[13,7]",1.012,0.109907071638016,1,1,1,1,1,1.00084809803171,9000
"N[14,7]",0,0,0,0,0,0,0,1,1
"N[15,7]",0,0,0,0,0,0,0,1,1
"N[16,7]",0,0,0,0,0,0,0,1,1
"N[17,7]",0,0,0,0,0,0,0,1,1
"N[18,7]",2.01733333333333,0.13051736145971,2,2,2,2,2,1.00408720980963,6900
"N[19,7]",1.00655555555556,0.0807050428867501,1,1,1,1,1,1.00085821725905,9000
"N[20,7]",0.000111111111111111,0.0105409255338946,0,0,0,0,0,1.29096419099281,9000
"N[21,7]",0,0,0,0,0,0,0,1,1
"N[22,7]",0,0,0,0,0,0,0,1,1
"N[23,7]",2.001,0.0316087173471924,2,2,2,2,2,1.0512682119667,9000
"N[24,7]",0,0,0,0,0,0,0,1,1
"N[25,7]",1.00155555555556,0.0394120335975004,1,1,1,1,1,1.00238198316787,9000
"N[26,7]",3.07333333333333,0.265763184071418,3,3,3,3,4,1.0008667983665,9000
"N[27,7]",0,0,0,0,0,0,0,1,1
"N[28,7]",0,0,0,0,0,0,0,1,1
"N[29,7]",0,0,0,0,0,0,0,1,1
"N[30,7]",0,0,0,0,0,0,0,1,1
"N[31,7]",1,0,1,1,1,1,1,1,1
"N[32,7]",1,0,1,1,1,1,1,1,1
"N[33,7]",3.00377777777778,0.0613508303665097,3,3,3,3,3,1.01181714318512,9000
"N[34,7]",0.000666666666666667,0.0258127149896996,0,0,0,0,0,1.03911532893699,9000
"N[35,7]",0,0,0,0,0,0,0,1,1
"N[36,7]",1.00344444444444,0.0585914813526765,1,1,1,1,1,1.01418777500052,9000
"N[37,7]",0,0,0,0,0,0,0,1,1
"N[38,7]",0,0,0,0,0,0,0,1,1
"N[39,7]",2.00011111111111,0.0105409255338946,2,2,2,2,2,1.29096419099293,9000
"N[40,7]",0,0,0,0,0,0,0,1,1
"N[41,7]",3.00022222222222,0.0149062915616329,3,3,3,3,3,1.29114926422939,4500
"N[42,7]",5.00922222222222,0.0955938711097627,5,5,5,5,5,1.01402459794707,3800
"N[43,7]",0,0,0,0,0,0,0,1,1
"N[44,7]",0,0,0,0,0,0,0,1,1
"N[45,7]",0,0,0,0,0,0,0,1,1
"N[46,7]",5.66833333333333,0.749928692391163,5,5,6,6,7,1.0009646675595,9000
"N[47,7]",0,0,0,0,0,0,0,1,1
"N[48,7]",0,0,0,0,0,0,0,1,1
"N[49,7]",1.00211111111111,0.0459008542371594,1,1,1,1,1,1.08180793827646,2500
"N[50,7]",0,0,0,0,0,0,0,1,1
"N[51,7]",0,0,0,0,0,0,0,1,1
"N[52,7]",0,0,0,0,0,0,0,1,1
"N[53,7]",3.01911111111111,0.137732372978039,3,3,3,3,3,1.00615052832193,4700
"N[54,7]",0,0,0,0,0,0,0,1,1
"N[55,7]",1.00733333333333,0.0853250519187816,1,1,1,1,1,1.00084183965239,9000
"N[56,7]",0,0,0,0,0,0,0,1,1
"N[57,7]",1.00011111111111,0.0105409255338946,1,1,1,1,1,1.29096419099281,9000
"N[58,7]",0,0,0,0,0,0,0,1,1
"N[59,7]",0,0,0,0,0,0,0,1,1
"N[60,7]",2.04022222222222,0.202616388762539,2,2,2,2,3,1.00132534280705,9000
"N[61,7]",3.08966666666667,0.287657540770804,3,3,3,3,4,1.0014293283723,4000
"N[62,7]",3.00255555555556,0.0504906718889407,3,3,3,3,3,1.02804625756049,6700
"N[63,7]",1.00011111111111,0.0105409255338946,1,1,1,1,1,1.29096419099281,9000
"N[64,7]",0,0,0,0,0,0,0,1,1
"N[65,7]",0,0,0,0,0,0,0,1,1
"N[66,7]",0,0,0,0,0,0,0,1,1
"N[67,7]",0,0,0,0,0,0,0,1,1
"N[68,7]",0,0,0,0,0,0,0,1,1
"N[69,7]",1,0,1,1,1,1,1,1,1
"N[70,7]",2.00011111111111,0.0105409255338946,2,2,2,2,2,1.29096419099293,9000
"N[71,7]",1.00366666666667,0.0604452494486456,1,1,1,1,1,1.00941086174715,9000
"N[72,7]",0.000111111111111111,0.0105409255338946,0,0,0,0,0,1.29096419099281,9000
"N[73,7]",0,0,0,0,0,0,0,1,1
"N[74,7]",2.00511111111111,0.0713130613263366,2,2,2,2,2,1.00855362880905,9000
"N[75,7]",0,0,0,0,0,0,0,1,1
"N[76,7]",0,0,0,0,0,0,0,1,1
"N[77,7]",0,0,0,0,0,0,0,1,1
"N[78,7]",0,0,0,0,0,0,0,1,1
"N[79,7]",0,0,0,0,0,0,0,1,1
"N[80,7]",1.00033333333333,0.0182553896432777,1,1,1,1,1,1.13383652396637,9000
"N[81,7]",1.00211111111111,0.0459008542371594,1,1,1,1,1,1.00122123586511,9000
"N[82,7]",0,0,0,0,0,0,0,1,1
"N[83,7]",0,0,0,0,0,0,0,1,1
"N[1,8]",0,0,0,0,0,0,0,1,1
"N[2,8]",1.00322222222222,0.0566762420850732,1,1,1,1,1,1.000839349536,9000
"N[3,8]",2.03044444444444,0.173105037983172,2,2,2,2,3,1.00089745352201,9000
"N[4,8]",0.000777777777777778,0.0278793687453588,0,0,0,0,0,1.00989893672696,9000
"N[5,8]",0,0,0,0,0,0,0,1,1
"N[6,8]",1.03644444444444,0.18976073571124,1,1,1,1,2,1.00093064590517,9000
"N[7,8]",0,0,0,0,0,0,0,1,1
"N[8,8]",1.00366666666667,0.0604452494486456,1,1,1,1,1,1.00121783147291,9000
"N[9,8]",0,0,0,0,0,0,0,1,1
"N[10,8]",0,0,0,0,0,0,0,1,1
"N[11,8]",0,0,0,0,0,0,0,1,1
"N[12,8]",0,0,0,0,0,0,0,1,1
"N[13,8]",0.000111111111111111,0.0105409255338946,0,0,0,0,0,1.29096419099281,9000
"N[14,8]",1.00011111111111,0.0105409255338946,1,1,1,1,1,1.29096419099281,9000
"N[15,8]",2.07622222222222,0.267037838509566,2,2,2,2,3,1.00109649074583,7600
"N[16,8]",0,0,0,0,0,0,0,1,1
"N[17,8]",0,0,0,0,0,0,0,1,1
"N[18,8]",1.00366666666667,0.0604452494486456,1,1,1,1,1,1.01739904482933,7600
"N[19,8]",0,0,0,0,0,0,0,1,1
"N[20,8]",0.000222222222222222,0.0149062915616329,0,0,0,0,0,1.29114926422839,4500
"N[21,8]",2.39522222222222,0.566226806574503,2,2,2,3,4,1.00094719114281,9000
"N[22,8]",0,0,0,0,0,0,0,1,1
"N[23,8]",3.00311111111111,0.0556935969445815,3,3,3,3,3,1.04704378964297,3200
"N[24,8]",0,0,0,0,0,0,0,1,1
"N[25,8]",1.00188888888889,0.0434226955754962,1,1,1,1,1,1.03128860028268,8000
"N[26,8]",0,0,0,0,0,0,0,1,1
"N[27,8]",0,0,0,0,0,0,0,1,1
"N[28,8]",0,0,0,0,0,0,0,1,1
"N[29,8]",1.00033333333333,0.0182553896432777,1,1,1,1,1,1.00083165550656,9000
"N[30,8]",1.00011111111111,0.0105409255338946,1,1,1,1,1,1.29096419099281,9000
"N[31,8]",0,0,0,0,0,0,0,1,1
"N[32,8]",2.00355555555556,0.0595256858932001,2,2,2,2,2,1.01755124936664,7800
"N[33,8]",4.916,0.488618773040151,4,5,5,5,6,1.00087925658332,9000
"N[34,8]",0.000333333333333333,0.0182553896432777,0,0,0,0,0,1.00083165550656,9000
"N[35,8]",0,0,0,0,0,0,0,1,1
"N[36,8]",0,0,0,0,0,0,0,1,1
"N[37,8]",0,0,0,0,0,0,0,1,1
"N[38,8]",0,0,0,0,0,0,0,1,1
"N[39,8]",2.00044444444444,0.0210783367425791,2,2,2,2,2,1.02971645909576,9000
"N[40,8]",1.00077777777778,0.0278793687453588,1,1,1,1,1,1.11099460094055,4800
"N[41,8]",0,0,0,0,0,0,0,1,1
"N[42,8]",0,0,0,0,0,0,0,1,1
"N[43,8]",3.00766666666667,0.088492831461851,3,3,3,3,3,1.00477047994154,9000
"N[44,8]",6.92577777777778,0.609625677410337,6,7,7,7,8,1.00158864717574,2600
"N[45,8]",0,0,0,0,0,0,0,1,1
"N[46,8]",1,0,1,1,1,1,1,1,1
"N[47,8]",0,0,0,0,0,0,0,1,1
"N[48,8]",1,0,1,1,1,1,1,1,1
"N[49,8]",1,0,1,1,1,1,1,1,1
"N[50,8]",1.00622222222222,0.0800402412649602,1,1,1,1,1,1.00623968620064,9000
"N[51,8]",0,0,0,0,0,0,0,1,1
"N[52,8]",2.00388888888889,0.0622430389546469,2,2,2,2,2,1.00634911279898,9000
"N[53,8]",1.11711111111111,0.323293710237467,1,1,1,1,2,1.00088705594196,9000
"N[54,8]",2,0,2,2,2,2,2,1,1
"N[55,8]",3.69955555555556,0.557764319329922,3,3,4,4,5,1.00116273476147,6000
"N[56,8]",2.00111111111111,0.033316660644931,2,2,2,2,2,1.10564159077875,3600
"N[57,8]",3.00477777777778,0.0689599811763311,3,3,3,3,3,1.0041744831535,9000
"N[58,8]",6.376,0.553967796930074,6,6,6,7,7,1.00117711212025,5800
"N[59,8]",0,0,0,0,0,0,0,1,1
"N[60,8]",4.41955555555556,0.551569724753663,4,4,4,5,6,1.00104591180806,9000
"N[61,8]",1,0,1,1,1,1,1,1,1
"N[62,8]",0,0,0,0,0,0,0,1,1
"N[63,8]",0,0,0,0,0,0,0,1,1
"N[64,8]",0,0,0,0,0,0,0,1,1
"N[65,8]",1,0,1,1,1,1,1,1,1
"N[66,8]",4.57477777777778,0.67495926836526,4,4,4,5,6,1.0008421303404,9000
"N[67,8]",0,0,0,0,0,0,0,1,1
"N[68,8]",0,0,0,0,0,0,0,1,1
"N[69,8]",2.00833333333333,0.0909109850392134,2,2,2,2,2,1.00945946713961,6200
"N[70,8]",0,0,0,0,0,0,0,1,1
"N[71,8]",0,0,0,0,0,0,0,1,1
"N[72,8]",1.02244444444444,0.148880409724876,1,1,1,1,1,1.00126910380046,9000
"N[73,8]",0,0,0,0,0,0,0,1,1
"N[74,8]",0,0,0,0,0,0,0,1,1
"N[75,8]",3.24077777777778,0.460850293666046,3,3,3,3,4,1.00089440073677,9000
"N[76,8]",0,0,0,0,0,0,0,1,1
"N[77,8]",1.00433333333333,0.0656889260369609,1,1,1,1,1,1.00866931025262,9000
"N[78,8]",0,0,0,0,0,0,0,1,1
"N[79,8]",0,0,0,0,0,0,0,1,1
"N[80,8]",0,0,0,0,0,0,0,1,1
"N[81,8]",0,0,0,0,0,0,0,1,1
"N[82,8]",0,0,0,0,0,0,0,1,1
"N[83,8]",1.00077777777778,0.0278793687453588,1,1,1,1,1,1.0383633503644,9000
"N[1,9]",0,0,0,0,0,0,0,1,1
"N[2,9]",2.01633333333333,0.127634587174064,2,2,2,2,2,1.00276764336881,9000
"N[3,9]",0,0,0,0,0,0,0,1,1
"N[4,9]",0.000333333333333333,0.0182553896432777,0,0,0,0,0,1.13383652396637,9000
"N[5,9]",3.17633333333333,0.391480417690682,3,3,3,3,4,1.00109568982421,7600
"N[6,9]",0,0,0,0,0,0,0,1,1
"N[7,9]",1.00255555555556,0.0504906718889407,1,1,1,1,1,1.0119629268313,9000
"N[8,9]",1.00811111111111,0.0909310833976398,1,1,1,1,1,1.0129037809888,5200
"N[9,9]",0,0,0,0,0,0,0,1,1
"N[10,9]",1,0,1,1,1,1,1,1,1
"N[11,9]",1.001,0.0316087173471924,1,1,1,1,1,1.05126821196672,9000
"N[12,9]",0,0,0,0,0,0,0,1,1
"N[13,9]",2.044,0.210454611402042,2,2,2,2,3,1.00086121254332,9000
"N[14,9]",0,0,0,0,0,0,0,1,1
"N[15,9]",0,0,0,0,0,0,0,1,1
"N[16,9]",0.000111111111111111,0.0105409255338946,0,0,0,0,0,1.29096419099281,9000
"N[17,9]",0,0,0,0,0,0,0,1,1
"N[18,9]",2.38711111111111,0.535162622004946,2,2,2,3,3,1.00100637868962,9000
"N[19,9]",2.07811111111111,0.270834356949408,2,2,2,2,3,1.00097149017361,9000
"N[20,9]",0,0,0,0,0,0,0,1,1
"N[21,9]",1.00411111111111,0.0639895682068814,1,1,1,1,1,1.00240121717026,9000
"N[22,9]",0,0,0,0,0,0,0,1,1
"N[23,9]",1,0,1,1,1,1,1,1,1
"N[24,9]",5.34377777777778,0.56476844015407,5,5,5,6,7,1.00106988501389,8400
"N[25,9]",2.03433333333333,0.183310484253004,2,2,2,2,3,1.00134663998061,9000
"N[26,9]",0,0,0,0,0,0,0,1,1
"N[27,9]",0,0,0,0,0,0,0,1,1
"N[28,9]",0,0,0,0,0,0,0,1,1
"N[29,9]",0,0,0,0,0,0,0,1,1
"N[30,9]",0,0,0,0,0,0,0,1,1
"N[31,9]",3,0,3,3,3,3,3,1,1
"N[32,9]",0,0,0,0,0,0,0,1,1
"N[33,9]",0,0,0,0,0,0,0,1,1
"N[34,9]",0.000888888888888889,0.0298026417291841,0,0,0,0,0,1.05049605043137,9000
"N[35,9]",0,0,0,0,0,0,0,1,1
"N[36,9]",0,0,0,0,0,0,0,1,1
"N[37,9]",0,0,0,0,0,0,0,1,1
"N[38,9]",0,0,0,0,0,0,0,1,1
"N[39,9]",2.00422222222222,0.0648449093502885,2,2,2,2,2,1.00226835658855,9000
"N[40,9]",1.00344444444444,0.0585914813526765,1,1,1,1,1,1.0156989675328,9000
"N[41,9]",3.00022222222222,0.0149062915616329,3,3,3,3,3,1.29114926422939,4500
"N[42,9]",0,0,0,0,0,0,0,1,1
"N[43,9]",1.00111111111111,0.033316660644931,1,1,1,1,1,1.14584942731755,2400
"N[44,9]",3.00111111111111,0.033316660644931,3,3,3,3,3,1.08335059632902,4700
"N[45,9]",0,0,0,0,0,0,0,1,1
"N[46,9]",0,0,0,0,0,0,0,1,1
"N[47,9]",0,0,0,0,0,0,0,1,1
"N[48,9]",0,0,0,0,0,0,0,1,1
"N[49,9]",0,0,0,0,0,0,0,1,1
"N[50,9]",0,0,0,0,0,0,0,1,1
"N[51,9]",2.09211111111111,0.291876130607281,2,2,2,2,3,1.00102970418082,9000
"N[52,9]",2.001,0.0316087173471924,2,2,2,2,2,1.01788758572973,9000
"N[53,9]",1.01988888888889,0.140419849270741,1,1,1,1,1,1.00089549992768,9000
"N[54,9]",4.00666666666667,0.0813815587615295,4,4,4,4,4,1.00083165550656,9000
"N[55,9]",2.008,0.0890891793416236,2,2,2,2,2,1.00537759170419,9000
"N[56,9]",1,0,1,1,1,1,1,1,1
"N[57,9]",2.00155555555556,0.0394120335975004,2,2,2,2,2,1.04518711194368,6600
"N[58,9]",4.04,0.197100890341575,4,4,4,4,5,1.00085537044997,9000
"N[59,9]",0,0,0,0,0,0,0,1,1
"N[60,9]",0,0,0,0,0,0,0,1,1
"N[61,9]",2.00211111111111,0.0459008542371594,2,2,2,2,2,1.04767421814996,4600
"N[62,9]",0,0,0,0,0,0,0,1,1
"N[63,9]",2.02055555555556,0.1418987735771,2,2,2,2,2,1.00239754078469,9000
"N[64,9]",1.00022222222222,0.0149062915616329,1,1,1,1,1,1.29114926422839,4500
"N[65,9]",0,0,0,0,0,0,0,1,1
"N[66,9]",1.007,0.0833772895886985,1,1,1,1,1,1.00250621538657,9000
"N[67,9]",2.00611111111111,0.077938696229265,2,2,2,2,2,1.07435714385999,990
"N[68,9]",4.01544444444444,0.123319111714075,4,4,4,4,4,1.00777228934412,4100
"N[69,9]",0,0,0,0,0,0,0,1,1
"N[70,9]",0,0,0,0,0,0,0,1,1
"N[71,9]",0,0,0,0,0,0,0,1,1
"N[72,9]",0,0,0,0,0,0,0,1,1
"N[73,9]",4.03877777777778,0.194223318846327,4,4,4,4,5,1.00094316163911,9000
"N[74,9]",0,0,0,0,0,0,0,1,1
"N[75,9]",1.00333333333333,0.0576419239707033,1,1,1,1,1,1.04381219158402,3200
"N[76,9]",2.04711111111111,0.213455811787429,2,2,2,2,3,1.00088582537238,9000
"N[77,9]",2.01022222222222,0.100592508230135,2,2,2,2,2,1.00084875269675,9000
"N[78,9]",0,0,0,0,0,0,0,1,1
"N[79,9]",0,0,0,0,0,0,0,1,1
"N[80,9]",0,0,0,0,0,0,0,1,1
"N[81,9]",0,0,0,0,0,0,0,1,1
"N[82,9]",3.00155555555556,0.0394120335975004,3,3,3,3,3,1.00238198316783,9000
"N[83,9]",0,0,0,0,0,0,0,1,1
"N[1,10]",0,0,0,0,0,0,0,1,1
"N[2,10]",0,0,0,0,0,0,0,1,1
"N[3,10]",0,0,0,0,0,0,0,1,1
"N[4,10]",3.45666666666667,0.596234060588719,3,3,3,4,5,1.00111512692578,7100
"N[5,10]",0,0,0,0,0,0,0,1,1
"N[6,10]",0.000222222222222222,0.0149062915616329,0,0,0,0,0,1.10541401761765,9000
"N[7,10]",1.00566666666667,0.0750678472240552,1,1,1,1,1,1.0218656962156,3900
"N[8,10]",0,0,0,0,0,0,0,1,1
"N[9,10]",1,0,1,1,1,1,1,1,1
"N[10,10]",0,0,0,0,0,0,0,1,1
"N[11,10]",0,0,0,0,0,0,0,1,1
"N[12,10]",5.226,0.439508458733579,5,5,5,5,6,1.00097241367092,9000
"N[13,10]",0,0,0,0,0,0,0,1,1
"N[14,10]",0,0,0,0,0,0,0,1,1
"N[15,10]",0,0,0,0,0,0,0,1,1
"N[16,10]",0.000111111111111111,0.0105409255338946,0,0,0,0,0,1.29096419099281,9000
"N[17,10]",1,0,1,1,1,1,1,1,1
"N[18,10]",0.000333333333333333,0.0182553896432777,0,0,0,0,0,1.00083165550656,9000
"N[19,10]",8.67266666666667,0.895946347591179,7,8,9,9,11,1.00099907786363,9000
"N[20,10]",2.02744444444444,0.165411467819532,2,2,2,2,3,1.00241483462868,6400
"N[21,10]",0,0,0,0,0,0,0,1,1
"N[22,10]",0,0,0,0,0,0,0,1,1
"N[23,10]",1.00122222222222,0.0349408649953384,1,1,1,1,1,1.07034777657269,5200
"N[24,10]",0,0,0,0,0,0,0,1,1
"N[25,10]",0,0,0,0,0,0,0,1,1
"N[26,10]",1.00388888888889,0.0640034593958305,1,1,1,1,1,1.00352325090285,9000
"N[27,10]",0,0,0,0,0,0,0,1,1
"N[28,10]",0,0,0,0,0,0,0,1,1
"N[29,10]",0,0,0,0,0,0,0,1,1
"N[30,10]",0,0,0,0,0,0,0,1,1
"N[31,10]",0,0,0,0,0,0,0,1,1
"N[32,10]",0,0,0,0,0,0,0,1,1
"N[33,10]",1.001,0.0316087173471924,1,1,1,1,1,1.00083165550656,9000
"N[34,10]",1.01611111111111,0.126789398628195,1,1,1,1,1,1.00961022916309,3100
"N[35,10]",0,0,0,0,0,0,0,1,1
"N[36,10]",0,0,0,0,0,0,0,1,1
"N[37,10]",0,0,0,0,0,0,0,1,1
"N[38,10]",0,0,0,0,0,0,0,1,1
"N[39,10]",2,0,2,2,2,2,2,1,1
"N[40,10]",0,0,0,0,0,0,0,1,1
"N[41,10]",0,0,0,0,0,0,0,1,1
"N[42,10]",0,0,0,0,0,0,0,1,1
"N[43,10]",0,0,0,0,0,0,0,1,1
"N[44,10]",0,0,0,0,0,0,0,1,1
"N[45,10]",1,0,1,1,1,1,1,1,1
"N[46,10]",0,0,0,0,0,0,0,1,1
"N[47,10]",1.00022222222222,0.0149062915616329,1,1,1,1,1,1.10541401761765,9000
"N[48,10]",1,0,1,1,1,1,1,1,1
"N[49,10]",0,0,0,0,0,0,0,1,1
"N[50,10]",1.00277777777778,0.0547048120694851,1,1,1,1,1,1.07570974645713,2500
"N[51,10]",3.00311111111111,0.0556935969445815,3,3,3,3,3,1.01181078312367,9000
"N[52,10]",0,0,0,0,0,0,0,1,1
"N[53,10]",0,0,0,0,0,0,0,1,1
"N[54,10]",4.00977777777778,0.0984034997143629,4,4,4,4,4,1.00088543599489,9000
"N[55,10]",4.14155555555556,0.355243956941512,4,4,4,4,5,1.0008346938248,9000
"N[56,10]",0,0,0,0,0,0,0,1,1
"N[57,10]",0,0,0,0,0,0,0,1,1
"N[58,10]",2.00233333333333,0.0482508815665832,2,2,2,2,2,1.00993263974993,9000
"N[59,10]",0,0,0,0,0,0,0,1,1
"N[60,10]",3.07788888888889,0.274565368664845,3,3,3,3,4,1.00097116710138,9000
"N[61,10]",1.00033333333333,0.0182553896432777,1,1,1,1,1,1.13383652396637,9000
"N[62,10]",0,0,0,0,0,0,0,1,1
"N[63,10]",0,0,0,0,0,0,0,1,1
"N[64,10]",0,0,0,0,0,0,0,1,1
"N[65,10]",0,0,0,0,0,0,0,1,1
"N[66,10]",0,0,0,0,0,0,0,1,1
"N[67,10]",0,0,0,0,0,0,0,1,1
"N[68,10]",0,0,0,0,0,0,0,1,1
"N[69,10]",1,0,1,1,1,1,1,1,1
"N[70,10]",1.00011111111111,0.0105409255338946,1,1,1,1,1,1.29096419099281,9000
"N[71,10]",1.00077777777778,0.0278793687453588,1,1,1,1,1,1.11099460094055,4800
"N[72,10]",0,0,0,0,0,0,0,1,1
"N[73,10]",1.00011111111111,0.0105409255338946,1,1,1,1,1,1.29096419099281,9000
"N[74,10]",0,0,0,0,0,0,0,1,1
"N[75,10]",4.57855555555556,0.594120657552726,4,4,5,5,6,1.00101656976571,9000
"N[76,10]",0,0,0,0,0,0,0,1,1
"N[77,10]",0,0,0,0,0,0,0,1,1
"N[78,10]",3.995,0.496769763371077,3,4,4,4,5,1.00123818654128,4900
"N[79,10]",4.22733333333333,0.455226833747036,4,4,4,4,5,1.00104152985831,9000
"N[80,10]",3.23833333333333,0.478191461780056,3,3,3,3,4,1.0020181696081,2200
"N[81,10]",0,0,0,0,0,0,0,1,1
"N[82,10]",3.11422222222222,0.320534674503766,3,3,3,3,4,1.00089475484265,9000
"N[83,10]",0,0,0,0,0,0,0,1,1
"alpha",-0.276463849491182,0.0478565822983598,-0.373295877981945,-0.307911558716953,-0.275599447889443,-0.243404098185489,-0.185887375873492,1.00096164304907,9000
"beta",0.969433763102895,0.0481570953098816,0.87410791550232,0.937606677539796,0.969353913128501,1.00207577436223,1.06350475852266,1.00149289330161,3000
"deviance",13892.3785192208,17.7775845785694,13860.1593958216,13879.8977967851,13891.4936493498,13904.1262200487,13929.3966461055,1.00109225986922,7700
"gamma",1.07046550437442,0.247621218325889,0.588879077413702,0.902334907317627,1.06868004446733,1.23686650184397,1.55662158565616,1.00087610011498,9000
"mu_p",0.197893711293848,0.0571443092804626,0.0870033284779293,0.15901238434663,0.197726940099089,0.235746353255121,0.311450138000779,1.00103150380371,9000
"p[1]",0.664241934397095,0.0669431368314918,0.511854569046114,0.625135556427132,0.668098259170129,0.709214079559501,0.781058256402261,1.00115418386229,6200
"p[2]",0.53980829159306,0.039561521480786,0.459751683253904,0.514055420011962,0.541328024583771,0.566664347393685,0.613712767711397,1.00087268576107,9000
"p[3]",0.59655244277334,0.0497292049814347,0.489648467759733,0.56600002992922,0.599394208946237,0.630110372163498,0.685564152559597,1.00136035299409,3800
"p[4]",0.353722377200648,0.0487218310080227,0.260393941507089,0.320343934525832,0.353063467682268,0.387292714425825,0.447429960608162,1.00142827415697,3400
"p[5]",0.525670006469771,0.042935834952449,0.434706143985614,0.49768523650156,0.528623523534446,0.556619585721224,0.60174438610359,1.00090318193874,9000
"p[6]",0.378647132385389,0.0403722561599599,0.29625627151449,0.351616330957898,0.379129105285137,0.406190837700887,0.455328187904573,1.00104948462263,9000
"p[7]",0.478731769190715,0.0409517380911209,0.396757240495271,0.451246457603958,0.479177804182251,0.506156665371707,0.557914050526066,1.001694462189,2300
"p[8]",0.473968059264509,0.0350393468785705,0.404307763637832,0.450876233319562,0.474082400441291,0.498129469283438,0.541335075762877,1.00085988976802,9000
"p[9]",0.601501656125136,0.038211261904298,0.521604452580186,0.577221303997266,0.603478441027794,0.627540975993293,0.670430866870384,1.00111814907589,7000
"p[10]",0.698530271681626,0.0390659170950222,0.611776940356659,0.674906103100767,0.702560597651674,0.726099066640415,0.764611963597102,1.00106528992133,8600
"p[11]",0.420300926130916,0.052151534555016,0.316659086555309,0.38486147917723,0.420987846775546,0.457418023128834,0.518316283717474,1.00153265414534,2900
"p[12]",0.517411953599438,0.0313110816629839,0.449389209412329,0.497948992024167,0.519428430564233,0.538723925460513,0.574528400200014,1.00107427094401,8300
"p[13]",0.399520584886397,0.0480069040816173,0.296786642971666,0.369217365950258,0.402422307244254,0.432767227175908,0.485863962664949,1.00099658435274,9000
"p[14]",0.588784487994093,0.047308107970022,0.49122185792981,0.558022549143013,0.59024016588863,0.621506905543345,0.677103992959579,1.00091676308426,9000
"p[15]",0.601197144265856,0.0463175177195217,0.503349966887534,0.57219227005994,0.603243560149993,0.633110067163288,0.685195548343521,1.00110838373891,7200
"p[16]",0.420344419308416,0.0567429356452682,0.308175090072179,0.381999111585599,0.421020718169937,0.45935375916703,0.531287608302297,1.00103616527122,9000
"p[17]",0.731235946374011,0.0353230238738164,0.657696388211135,0.708130399692923,0.732922159172701,0.755726687703531,0.796809096604712,1.00130789726412,4200
"p[18]",0.369934154102288,0.0495030317275053,0.272725411040247,0.335866873465755,0.369719671777033,0.404363630213595,0.464515462905757,1.00154440522723,2800
"p[19]",0.402226100487956,0.0313995154146488,0.339692690138051,0.381079945480219,0.403027898850745,0.423473444033292,0.462448381096858,1.00118350174743,5700
"p[20]",0.394937413814188,0.0512661845982355,0.294703123831172,0.361241046204364,0.394856318215686,0.429472873118554,0.495121290395582,1.00163531943663,2500
"p[21]",0.443363565922782,0.0614618930585966,0.314632286205526,0.401895168457176,0.448272727363297,0.487229068482744,0.551999430031002,1.00090567774538,9000
"p[22]",0.492787778162696,0.0522598122121044,0.390448301886032,0.456983099245252,0.493241408790259,0.529879663425668,0.591642826885515,1.00108249457684,8000
"p[23]",0.58704254414931,0.032403825579663,0.522279957081938,0.565443367902017,0.587725098316196,0.608996434389309,0.648976646886969,1.00105288558367,9000
"p[24]",0.454192783951541,0.0429087829771931,0.363484882811343,0.426443809717415,0.456388415053071,0.484043772385634,0.532915970526337,1.00084466595781,9000
"p[25]",0.455314115026557,0.0398527829818105,0.372912318439364,0.428707678924204,0.456598770190658,0.482837527334597,0.529455500678397,1.00117594565761,5800
"p[26]",0.53345453853228,0.0428872667376248,0.443510135753088,0.505914554205277,0.535001697870857,0.562852655759456,0.613357775211634,1.00123056985883,5000
"p[27]",0.660519576632795,0.0482199018009212,0.557713321815388,0.630190626667977,0.662391295376592,0.693423780559228,0.749526176058501,1.00096865926699,9000
"p[28]",0.624341824993588,0.057325917797825,0.504937002239795,0.587498944219694,0.626545083494762,0.663555698459351,0.730697249665119,1.0014280064688,3400
"p[29]",0.424047180360741,0.0430885544330532,0.335601966288593,0.396030860257225,0.425195391645298,0.453264711523818,0.506133139167739,1.00180081060251,2100
"p[30]",0.736273082116708,0.0371933898348298,0.66075359373572,0.712167755639773,0.736965763338289,0.761964284302933,0.806127578735284,1.00105800954669,8800
"p[31]",0.784984283667933,0.0245435576046552,0.735082280882091,0.76863555585144,0.785696637009727,0.80184735212641,0.831372858483764,1.00086876211637,9000
"p[32]",0.525152722387851,0.0372898497839857,0.447761939989059,0.501269161595401,0.526551543652616,0.550823163537633,0.59301860564221,1.001047183057,9000
"p[33]",0.556332920823189,0.0390202156671856,0.479219715639623,0.530549429753918,0.555795940970629,0.581916525202399,0.635347143843065,1.00092335106527,9000
"p[34]",0.311163319816641,0.0423761179411866,0.227677535233895,0.28311763436665,0.311263049040195,0.340119351189744,0.393633420319274,1.00093358009032,9000
"p[35]",0.608718253527812,0.0465389431188337,0.507467285834086,0.58004129621517,0.612078670506107,0.640849314244185,0.690772205028675,1.00128159142209,4500
"p[36]",0.512055222016142,0.0459479517592717,0.413582049287105,0.483352277971495,0.516058909885761,0.5444473103984,0.592177973518827,1.00129029500948,4400
"p[37]",0.543523395027474,0.0393810369872692,0.4589687168592,0.518772711422753,0.545153639607624,0.570602186933618,0.616437480426474,1.00110452364879,7300
"p[38]",0.571698676063104,0.0429661566697119,0.485849358885188,0.543479748048624,0.572520819486364,0.601190009739407,0.653142002746715,1.00178326167359,2100
"p[39]",0.661994916299683,0.0256366129161934,0.610056043489873,0.645092552306434,0.662901067581908,0.67922293391895,0.711597725254876,1.00088864709658,9000
"p[40]",0.545837142322061,0.0398475582368731,0.464091432527627,0.52016860494934,0.547208584208469,0.573478877498835,0.620166718228337,1.00110602668337,7300
"p[41]",0.764572214414423,0.0300434404134572,0.702218133302172,0.744690511124839,0.765799521348085,0.785290286974438,0.819725496597269,1.00093217947734,9000
"p[42]",0.614720402262732,0.0334854344796456,0.546792450900768,0.592955525749482,0.615669246843503,0.637688043105587,0.676266744266128,1.00111156279479,7200
"p[43]",0.523726420084356,0.0455779279727022,0.430273409978738,0.493467645797138,0.526102609303176,0.555329594003053,0.606537758731165,1.00121200680196,5300
"p[44]",0.613181436767563,0.0419272895973835,0.530247144306098,0.585010620113765,0.612936847857243,0.641478328481432,0.695398953137984,1.00121649423555,5200
"p[45]",0.507531042681687,0.0421115108798098,0.421031708089889,0.47972798726764,0.509130787370708,0.536418036683912,0.586512113831459,1.00086752459276,9000
"p[46]",0.501558583224875,0.0538595194265463,0.389727277437804,0.4655763934218,0.503872426627428,0.540596865490815,0.597793985286123,1.00123539991789,5000
"p[47]",0.555500283870232,0.0429197074725619,0.471223287449498,0.526704513569666,0.556169299501021,0.585159583240347,0.636814956679566,1.00101106965227,9000
"p[48]",0.701106066654936,0.0416062089461334,0.618906761059098,0.673527599041558,0.701947742252301,0.729706063040805,0.780116663996532,1.00084186170033,9000
"p[49]",0.609533828485447,0.0493062739577871,0.51057542705145,0.576386586486906,0.610948682095051,0.643239889662554,0.703713942666743,1.00170705467561,2300
"p[50]",0.53452947018009,0.0573628892463901,0.419593215063689,0.496866406050466,0.536039492215019,0.572920038710708,0.642384213346516,1.00103215260327,9000
"p[51]",0.52600214823696,0.0509108871791691,0.42093456057253,0.493170524615626,0.527873739433999,0.560567825118504,0.620956251563959,1.00134199644659,3900
"p[52]",0.678332391969977,0.0347812889187741,0.607566675433165,0.65583945592883,0.679000806298657,0.702210715350723,0.743942537107489,1.00101549757677,9000
"p[53]",0.379832424362688,0.0403879027365139,0.297570324461498,0.353358233401818,0.380935353181552,0.407049498958358,0.456140979050053,1.00092148258742,9000
"p[54]",0.69423523728268,0.0256671762689828,0.642202975435658,0.67708423717139,0.694716798546298,0.711896203398217,0.742698333281223,1.00140279488875,3500
"p[55]",0.463378381536947,0.0334161494895192,0.397097937265989,0.440975178589998,0.463225715373,0.485913732232805,0.528497220997526,1.00086702558236,9000
"p[56]",0.639575312419386,0.0346323986468728,0.57044089182774,0.617329671065893,0.64034111102355,0.662795003972055,0.705401620406827,1.00123790178996,4900
"p[57]",0.616172826386771,0.0361847043190634,0.544003312759709,0.591618160547364,0.616632757883179,0.640948859775291,0.68548400957656,1.00083403841124,9000
"p[58]",0.605493898911037,0.0299135370161783,0.544647011040357,0.58567003128804,0.606461724994512,0.626170020102069,0.661717949768821,1.00096636498003,9000
"p[59]",0.426785947303928,0.0480743025445646,0.331352304193376,0.395066244398087,0.427308775319143,0.459476840016786,0.519251281511308,1.00167587759934,2400
"p[60]",0.515955115753159,0.043102304081733,0.424406194651708,0.488931926444128,0.518596845903675,0.545516993140423,0.594640351334198,1.00097448803824,9000
"p[61]",0.589843310366322,0.0385060886722891,0.510885672780023,0.564722258156767,0.591339285536824,0.616024143659177,0.66199650445206,1.00095043935756,9000
"p[62]",0.699213099575207,0.0339091873823977,0.628050669174145,0.678163188398365,0.700397152446786,0.722226966884536,0.761887075702208,1.00107653762592,8200
"p[63]",0.59132474315659,0.0436627965638571,0.502716061006116,0.563031842482439,0.592725838301136,0.621134027509012,0.672767892483305,1.00097112550576,9000
"p[64]",0.518499896702331,0.0427429124092975,0.428296701620947,0.491829292262424,0.521181551188153,0.548340505233181,0.596861475435862,1.00086342630023,9000
"p[65]",0.632067496885511,0.0369903841487452,0.555108462175869,0.609000825207865,0.633261962283629,0.657404444214874,0.699809148645247,1.00088609796968,9000
"p[66]",0.436702905350883,0.0511841392352954,0.334147833980236,0.401863331094466,0.438406750846667,0.471900018667119,0.533291986636435,1.00085543169572,9000
"p[67]",0.535768253009708,0.0427339821200982,0.444255317037305,0.509852759109323,0.539136978326927,0.56515894625866,0.610099380711744,1.000947645903,9000
"p[68]",0.53764627905052,0.0465773562572055,0.440086460965037,0.508750720624997,0.539799705827992,0.56958629488651,0.622949673473482,1.00095129664632,9000
"p[69]",0.61651229849995,0.0372564423246592,0.537255775740173,0.59338452137807,0.618043387755236,0.641825176780244,0.683868876579026,1.00096905279022,9000
"p[70]",0.71135790932687,0.0339028649309811,0.642742661956838,0.689236798606508,0.712186655888824,0.734582850194139,0.775451355782499,1.00169092976758,2300
"p[71]",0.485566511033794,0.0365184546605366,0.412066443633681,0.461396094238522,0.486426141352402,0.510658293307445,0.553182985591877,1.00103984813615,9000
"p[72]",0.431800017260088,0.0579432447394914,0.319376969499567,0.392717127832485,0.43141467460621,0.470398515287826,0.544835217643684,1.00083989580602,9000
"p[73]",0.635284396113218,0.0408079434509447,0.550984618994673,0.608841479644367,0.636584169574197,0.663622623923117,0.712020399705737,1.00090785837395,9000
"p[74]",0.531626166687134,0.0462839656555184,0.438110447146073,0.501012992304073,0.532041313622526,0.561978615829503,0.622374558595516,1.00091193042495,9000
"p[75]",0.488197678302305,0.0435700143421402,0.395892246715203,0.459561840900408,0.490611444668522,0.518937227189067,0.565395194071648,1.00106916362067,8400
"p[76]",0.622325726208977,0.0487910828913647,0.520106482939936,0.59255438664657,0.624329428658162,0.655738370619437,0.712438026868139,1.00085564500643,9000
"p[77]",0.49414159414797,0.0378799899436011,0.418329990348313,0.468884236072005,0.495106113677224,0.520805204637756,0.564174136420931,1.00105040353071,9000
"p[78]",0.469091926574685,0.0396343106424918,0.39053190444179,0.442966965600338,0.469143685221665,0.494756477987679,0.548170984333725,1.00131691113662,4100
"p[79]",0.502041133961849,0.0423474780779395,0.414323591178583,0.474802645088511,0.504480137340816,0.531958632243383,0.577745461408155,1.00115469545225,6200
"p[80]",0.547504474963826,0.0662834150381904,0.402670009266461,0.505626437903719,0.554896720284111,0.59434563775186,0.662121335841768,1.00124837516534,4800
"p[81]",0.420481505384178,0.0448085472839105,0.33037750286553,0.391435473445508,0.421834816561371,0.451124447437353,0.504963435082683,1.00083230379351,9000
"p[82]",0.658219223686945,0.038216684080125,0.569945871227116,0.636545109125139,0.661962667456396,0.684606434405385,0.723864142011558,1.00083717857806,9000
"p[83]",0.560220250206242,0.0414660054171103,0.476301852005432,0.533696948808287,0.561525667488704,0.588437840142594,0.639592318463368,1.00088168060841,9000
"sigma_p",0.480381917477923,0.0450594037047775,0.40003269909404,0.44826326579364,0.47773370891918,0.508539308042972,0.577435460918358,1.00086427001587,9000
