"","SM","CP","LZ","MG","LP","EC","ER","TU","SF","RA"
"SM",0,0.335438250147202,0.317333178688638,0.366501775096226,0.359934020034965,0.383412902438575,0.323667808464394,0.309091562841857,0.345920261599145,0.280760678326562
"CP",0.335438250147202,0,0.266860215181481,0.338976328215967,0.398927224107365,0.319714965302124,0.28069768467236,0.253515702891198,0.322495156464883,0.270182990141298
"LZ",0.317333178688638,0.266860215181481,0,0.299322423183827,0.424562195162714,0.249468206290589,0.224364407622596,0.192422741809226,0.290413977627376,0.250689865588603
"MG",0.366501775096226,0.338976328215967,0.299322423183827,0,0.470354156876959,0.343098463984648,0.307254419047827,0.274789527063554,0.320486879257386,0.319929130083368
"LP",0.359934020034965,0.398927224107365,0.424562195162714,0.470354156876959,0,0.517785818253363,0.420650859374917,0.431353291352533,0.458168005859291,0.268690769099398
"EC",0.383412902438575,0.319714965302124,0.249468206290589,0.343098463984648,0.517785818253363,0,0.268188437118202,0.219414890630739,0.319052761439849,0.325703478850861
"ER",0.323667808464394,0.28069768467236,0.224364407622596,0.307254419047827,0.420650859374917,0.268188437118202,0,0.207064083833366,0.290493032627254,0.253586688715107
"TU",0.309091562841857,0.253515702891198,0.192422741809226,0.274789527063554,0.431353291352533,0.219414890630739,0.207064083833366,0,0.249715484110202,0.24120396621143
"SF",0.345920261599145,0.322495156464883,0.290413977627376,0.320486879257386,0.458168005859291,0.319052761439849,0.290493032627254,0.249715484110202,0,0.326702065723617
"RA",0.280760678326562,0.270182990141298,0.250689865588603,0.319929130083368,0.268690769099398,0.325703478850861,0.253586688715107,0.24120396621143,0.326702065723617,0
