populationID,plantID,longitude,latitude,xDiam,xNseeds,xSugar,plantHeight,plantLength,dab,support,orange_fruits,green_fruits,pecked_fruits,fruit_crop,visits
Carlos_Pellegrini,CP10,-57.16817102,-28.53498403,32.94,135.67,13.25,2,6.5,3.08,Schinus_longifolius,18,5,15,33,0
Carlos_Pellegrini,CP11,-57.166009,-28.535641,35.35,196.5,16.5,1.8,2.5,7.31,Acacia_furcatispina,14,0,11,25,0
Carlos_Pellegrini,CP12,-57.16515496,-28.534102,37.5,311.5,12,3,1,3.33,Celtis_tala,4,4,4,8,0
Carlos_Pellegrini,CP14,-57.16863203,-28.53566196,NA,NA,NA,4,1.25,6.6,Acacia_furcatispina,6,0,6,12,0
Carlos_Pellegrini,CP15,-57.16936997,-28.53761896,39.79,160.4,11.65,1.7,4.25,6.13,wire_fence,6,18,6,12,1
Carlos_Pellegrini,CP16,-57.17049901,-28.53987697,34.89,NA,NA,2,1.5,3.82,wire_fence,1,0,1,2,2
Carlos_Pellegrini,CP17,-57.16982603,-28.53825901,36.04,178,14.25,2,2.2,3.66,wire_fence,2,0,2,4,0
Carlos_Pellegrini,CP18,-57.16992301,-28.53823797,35.5,NA,NA,2.25,2.25,4.37,wire_fence,1,0,1,2,0
Carlos_Pellegrini,CP19,-57.17346202,-28.53314202,39.15,64,11.63,1.75,2,2.69,wire_fence,7,1,7,14,0
Carlos_Pellegrini,CP2,-57.16947198,-28.53976004,38.87,110.4,17.74,3.5,2.5,3.95,Hexachlamys_edulis,8,5,7,15,1
Carlos_Pellegrini,CP20,-57.173143,-28.53213703,38.45,225.33,10.33,1.6,2.25,3.15,wire_fence,18,4,18,36,0
Carlos_Pellegrini,CP4,-57.17550603,-28.53541503,35.16,NA,NA,1.1,5.5,7.14,wire_fence,6,0,6,12,0
Carlos_Pellegrini,CP5,-57.16796902,-28.53767202,35.78,135.8,11.4,1,4.75,6.77,wire_fence,9,2,6,15,0
Carlos_Pellegrini,CP6,-57.16791102,-28.53749198,39.36,136.5,14.19,4,5.75,6.42,wire_fence,6,6,6,12,0
Carlos_Pellegrini,CP7,-57.16710803,-28.53787,32.08,84.33,8.75,2.5,5.25,2.22,Acacia_caven,11,8,11,22,0
Carlos_Pellegrini,CP8,-57.16671299,-28.53800797,34.69,234,6.5,4,1.8,NA,Scutia_buxifolia,1,3,1,2,0
Carlos_Pellegrini,CP9,-57.17018,-28.53441196,38.12,313.67,10.08,2.25,4.8,12.61,wire_fence,11,11,11,22,1
El_Carmen,PCJ1,-65.342236,-24.364211,34.86,144,18.33,3,5,14.28,wire_fence,2,8,2,4,0
El_Carmen,PCJ12,-65.407236,-24.282165,27.39,136.4,9.5,1.9,8,8.83,wire_fence,3,7,2,5,0
El_Carmen,PCJ13,-65.407127,-24.281957,32.13,194,8.38,2.2,8.9,18.23,wire_fence,10,25,3,13,0
El_Carmen,PCJ14,-65.352099,-24.350278,33.82,86.67,15.42,2.5,10.1,20.6,wire_fence,1,3,2,3,0
El_Carmen,PCJ2,-65.26592,-24.388586,45.55,215,12.13,4,5.9,9.28,wall,1,5,2,3,0
El_Carmen,PCJ28,-65.335849,-24.367704,45.43,250,8.33,2.5,6.4,9.5,vine,1,17,3,4,0
El_Carmen,PCJ37,-65.328866,-24.371349,38.09,205.5,10,6,6.23,36.16,Melia_azedarach,9,27,3,12,0
El_Carmen,PCJ38,-65.376137,-24.326306,NA,140.25,16.06,1.5,10.2,8.07,wire_fence,0,3,13,13,0
El_Carmen,PCJ39,-65.36558,-24.336925,31.38,98.67,12.25,5,10.1,24.33,wire_fence,0,8,0,0,0
El_Carmen,PCJ4,-65.26375,-24.83712,38.42,147,6.95,4.5,6.5,16.82,Pinus_sp,15,26,1,16,0
El_Carmen,PCJ40,-65.262706,-24.391381,34.11,200.8,19.9,2,4.9,8.94,wire_fence,28,14,5,33,0
El_Carmen,EC47,-65.189429,-24.427761,NA,NA,NA,2.2,17.5,32.42,wire_fence,43,85,18,61,0
El_Carmen,PCJ44,NA,NA,35.17,92.4,17.38,NA,NA,NA,NA,NA,NA,NA,NA,NA
El_Carmen,PCJ47,NA,NA,37.4,104,14.6,NA,NA,NA,NA,NA,NA,NA,NA,NA
El_Carmen,PCJ49,-65.249325,-24.392903,32.97,136.6,12.55,4,6.25,51.75,Citrus_aurantium,22,25,0,22,0
El_Carmen,PCJ51,-65.261823,-24.392797,42.28,193.33,13.83,4,4.5,23.08,Tecoma _stans,1,4,1,2,0
El_Carmen,EC53,-65.175521,-24.396074,NA,NA,NA,2.5,5,24.21,wire_fence,9,6,6,15,0
El_Carmen,PCJ56,NA,NA,30.59,242,NA,NA,NA,NA,NA,NA,NA,NA,NA,NA
El_Carmen,PCJ63,-65.365224,-24.337189,40.07,176.5,9.88,5,7,45.2,Tipuana_tipu,1,6,1,2,0
El_Carmen,PCJ66,-65.266187,-24.388745,31.68,NA,NA,5,5.5,26.93,standing_snag,0,3,5,5,2
El_Rodeo,PC32,NA,NA,43.37,NA,NA,NA,NA,NA,NA,NA,NA,NA,NA,NA
El_Rodeo,PC35,NA,NA,40.48,NA,NA,NA,NA,NA,NA,NA,NA,NA,NA,NA
El_Rodeo,PC36,NA,NA,40.8,NA,NA,NA,NA,NA,NA,NA,NA,NA,NA,NA
El_Rodeo,PCC10,-65.873733,-28.22155,40.66,251.8,15.25,7,5.18,34.52,Vachellia_caven,46,88,6,52,0
El_Rodeo,PCC11,-65.872921,-28.221587,41.88,NA,NA,5,8.4,30.96,unidentified_tree,14,13,7,21,0
El_Rodeo,PCC13,-65.872492,-28.222933,30.79,104.67,9.33,5.25,3.5,10.5,Scutia_buxifolia,3,10,1,4,0
El_Rodeo,PCC16,NA,NA,NA,210,14.88,NA,NA,NA,NA,NA,NA,NA,NA,NA
El_Rodeo,PCC16B,NA,NA,NA,114.6,8.63,NA,NA,NA,NA,NA,NA,NA,NA,NA
El_Rodeo,PCC19,-65.874846,-28.22136,70.33,99,11.13,12,6.44,13.93,Celtis_tala,35,22,16,51,0
El_Rodeo,PCC2,-65.874228,-28.221518,37.84,213,9.63,2.3,8,7.5,Lycium_cestroides,1,6,2,3,0
El_Rodeo,PCC20,-65.8736,-28.220276,33.39,160.5,8.13,3.3,3.25,28.98,exotic_tree,1,1,1,2,0
El_Rodeo,PCC21,-65.873408,-28.220403,44.84,270.4,14.3,2.4,7.38,37.43,wire_fence,26,21,3,29,0
El_Rodeo,PCC22,-65.87331,-28.220403,36.13,38.33,14.38,2.4,3.37,11.73,wire_fence,1,1,1,2,0
El_Rodeo,PCC23,-65.873241,-28.220415,47.46,260.33,13.42,2.5,7.83,11.09,wire_fence,8,7,6,14,0
El_Rodeo,PCC24,NA,NA,38.49,NA,NA,NA,NA,NA,NA,NA,NA,NA,NA,NA
El_Rodeo,PCC26,-65.874297,-28.224471,43.22,206.75,8.75,2.3,4,5.61,Pyracantha_angustifolia,2,12,2,4,0
El_Rodeo,PCC27,NA,NA,50.61,150.67,15.25,NA,NA,NA,NA,NA,NA,NA,NA,NA
El_Rodeo,PCC3,-65.874423,-28.221738,43.33,193.2,10.5,5.2,4.26,28.82,unidentified_tree,4,17,8,12,0
El_Rodeo,ER32,-65.87451,-28.223937,NA,NA,NA,5.5,6.2,16.73,Vachellia_caven,13,24,29,42,0
El_Rodeo,ER36,-65.872371,-28.223438,NA,NA,NA,5.5,3.25,5.64,standing_dead_bush,1,5,5,6,0
El_Rodeo,PCC34,NA,NA,NA,140.8,9.85,NA,NA,NA,NA,NA,NA,NA,NA,NA
El_Rodeo,PCC37,-65.874691,-28.223407,37.67,73,8.25,2.25,3.25,9.77,wire_fence,0,0,3,3,0
El_Rodeo,PCC4,-65.874462,-28.221762,40.29,172.67,12.42,5,2.75,13.7,Baccharis_sp,2,9,2,4,0
El_Rodeo,PCC44,-65.875075,-28.223245,16.4,182.67,14,2.5,1.75,4.18,unidentified_bush,3,0,1,4,0
El_Rodeo,PCC45,-65.874704,-28.221659,32.13,69.2,11.81,6,6.75,10.58,Parasenegalia_visco,0,13,4,4,0
El_Rodeo,PCC46,-65.874674,-28.221727,32.99,155.67,11.5,6,6.5,11.1,Parasenegalia_visco,6,7,7,13,0
El_Rodeo,PCC47,-65.873867,-28.221515,20.28,164,9.75,3,8.35,11.37,wire_fence,11,22,4,15,0
El_Rodeo,PCC57,NA,NA,NA,74.5,9.88,NA,NA,NA,NA,NA,NA,NA,NA,NA
El_Rodeo,PCC6,NA,NA,37.79,210.4,9.75,NA,NA,NA,NA,NA,NA,NA,NA,NA
El_Rodeo,PCC62,NA,NA,NA,242.33,16.25,NA,NA,NA,NA,NA,NA,NA,NA,NA
El_Rodeo,PCC64,NA,NA,NA,156.5,8.69,NA,NA,NA,NA,NA,NA,NA,NA,NA
El_Rodeo,PCC66,NA,NA,NA,156.67,12.75,NA,NA,NA,NA,NA,NA,NA,NA,NA
El_Rodeo,PCC7,-65.873755,-28.221599,46.65,203.4,11.85,4.25,6.2,11.97,unidentified_tree,6,7,2,8,0
El_Rodeo,PCC70,NA,NA,NA,NA,NA,NA,NA,NA,NA,NA,NA,NA,NA,NA
El_Rodeo,PCC72,NA,NA,NA,264,7.3,NA,NA,NA,NA,NA,NA,NA,NA,NA
El_Rodeo,PCC8,NA,NA,NA,52.33,12.13,NA,NA,NA,NA,NA,NA,NA,NA,NA
El_Rodeo,PCC9,NA,NA,NA,120,10.08,NA,NA,NA,NA,NA,NA,NA,NA,NA
La_Paz,LZ10,-59.597941,-30.73773402,NA,NA,NA,2.2,3,17.92,Acacia_caven,17,0,17,34,1
La_Paz,LZ11,-59.59800898,-30.73783301,NA,NA,NA,5.5,5,13.46,Acacia_caven,7,0,7,14,1
La_Paz,LZ12,-59.59835901,-30.73761902,31.1,NA,NA,1,1.4,6,Acacia_caven,8,0,8,16,0
La_Paz,LZ13,-59.57910804,-30.739974,48.72,NA,NA,1.9,1.5,4.66,Scutia_buxifolia,2,0,2,4,0
La_Paz,LZ14,-59.57921198,-30.74031497,35.01,NA,NA,2.2,1.5,6.83,Celtis_tala,4,0,4,8,0
La_Paz,LZ15,-59.57918197,-30.74026803,40.01,NA,NA,3.5,2,3.7,Morus_alba,3,0,3,6,0
La_Paz,LZ16,-59.58205,-30.73795203,31.18,126,17.5,2.5,1.5,9.34,Celtis_tala,14,0,14,28,0
La_Paz,LZ17,-59.58305198,-30.737789,36,309,8.25,1.5,1.5,5.31,wire_fence,5,1,5,10,1
La_Paz,LZ18,-59.583861,-30.73784399,25.95,14,NA,1.75,1.5,7.03,wire_fence,13,0,13,26,0
La_Paz,LZ19,-59.58437598,-30.73754098,24.48,25,NA,1.9,1.75,6.03,wire_fence,14,0,13,27,0
La_Paz,LZ20,-59.58430499,-30.73729397,30.15,NA,NA,1.9,5.5,6.52,wire_fence,2,1,2,4,0
La_Paz,LZ21,-59.58306204,-30.737976,14.87,NA,NA,3,2,12.6,Acacia_caven,5,0,5,10,1
La_Paz,LZ22,-59.58257002,-30.738048,27.13,NA,NA,4,1.5,8.67,Acacia_caven,4,0,4,8,0
La_Paz,LZ3,-59.59760397,-30.742204,43.26,134,11,2,8,16.96,wire_fence,9,4,9,18,0
La_Paz,LZ4,-59.59745603,-30.74266098,33.55,52.5,9.25,2.4,2.25,8.84,wire_fence,6,0,6,12,0
La_Paz,LZ5,-59.59940096,-30.74063499,NA,NA,NA,2.5,0.5,6.97,light_post,6,0,6,12,0
La_Paz,LZ6,-59.598962,-30.73813098,33.94,261.67,7.17,1.5,7.75,50.23,wire_fence,31,12,31,62,0
La_Paz,LZ7,-59.59887098,-30.73773201,33.77,153.25,6.69,3.5,4,8.71,Scutia_buxifolia,4,10,3,7,0
La_Paz,LZ8,-59.598689,-30.73716103,35.19,22,NA,0.5,0.4,5.56,Eryngium_sp,5,0,5,10,0
La_Paz,LZ9,-59.59850502,-30.73784801,35.61,176.33,11.92,0.5,4,5.04,wire_fence,2,4,2,4,0
La_Plata,LP02,-57.92606667,-34.91201389,31.54,139,15,1.8,5,16.7,wire_fence,46,70,36,82,2
La_Plata,LP03,-57.92692778,-34.9115,28.15,80.4,19.55,1.9,2,13.19,wire_fence,7,19,1,8,0
La_Plata,LP04,-57.92725278,-34.91126389,34.64,200.8,12.75,1.8,1.5,12.41,Celtis_tala,44,18,0,44,0
La_Plata,LP11,-57.93253611,-34.90587778,34.31,215.33,12.92,2,3.5,9.99,wire_fence,22,16,20,42,0
La_Plata,LP12,-57.93259167,-34.90584722,32.02,105,16.17,2,3.5,9.59,wire_fence,17,13,17,34,0
La_Plata,LP15,-57.92923889,-34.91270556,35.49,125.33,10.83,2.1,2,9.81,wire_fence,2,10,2,4,0
La_Plata,LP16,-57.92778611,-34.91271667,33.08,78.2,18.75,2.1,8,27.15,wire_fence,88,14,34,122,2
La_Plata,LP17,-57.926675,-34.91295,30.25,196,16.58,1.5,0.4,5.65,fence,18,15,4,22,2
La_Plata,LP18,-57.91258333,-34.92696667,NA,NA,NA,1.4,0.5,NA,wire_fence,1,0,1,2,0
La_Plata,LP19,-57.91254444,-34.92693056,34.19,67.5,16.5,1.8,1.5,7,wire_fence,2,4,1,3,0
La_Plata,LP25,-57.92673889,-34.91292222,30.12,134.8,17.75,2,3,26.06,fence,111,11,27,138,0
La_Plata,LP26,-57.92444444,-34.91328333,26.16,73.8,22.95,2.1,5,22.36,wire_fence,63,64,39,102,9
La_Plata,LP27,-57.92568611,-34.90893889,32.75,150.8,15.35,1.6,9,37.41,wire_fence,214,17,69,283,8
La_Plata,LP28,-57.91103889,-34.92602778,28.32,70.2,15.7,2.5,4,NA,wall,57,27,18,75,2
La_Plata,LP29,-57.930625,-34.91837778,37.1,93,20.31,5,7,22.15,Tilia_moltkei,239,22,93,332,1
La_Plata,LP30,-57.94990278,-34.90955833,31.04,128.8,13.35,2.5,2,13.3,unidentified_tree,28,0,26,54,0
La_Plata,LP31,-57.918725,-34.92438889,29.33,116.2,15.7,2.1,2,NA,fence,21,6,5,26,0
La_Plata,LP32,-57.92568611,-34.90894722,39.92,180.4,16.25,2.2,5.5,7.88,fence,16,31,10,26,0
La_Plata,LP33,-57.90902222,-34.94587778,34.78,146,16.38,1.7,2.5,NA,wire_fence,17,7,12,29,2
La_Plata,LP34,-57.90908333,-34.9446,34.67,64,12.5,2.5,1.8,10,Salix_erythroflexuosa,13,0,11,24,0
La_Plata,LP35,-57.91128333,-34.94304722,35.52,118,18.85,1.6,2.5,NA,wire_fence,20,0,3,23,0
La_Plata,LP36,-57.95434444,-34.92791667,35.83,182.75,12.45,2.5,4.5,NA,metal_sheet,32,22,11,43,0
La_Plata,LP37,-57.93774167,-34.93921667,31.05,73.67,10.42,1.7,1.5,8.7,wire_fence,20,2,2,22,0
La_Plata,LP38,-57.937775,-34.93919167,30.65,73,12.67,1.7,0.5,6.26,wire_fence,2,0,0,2,0
La_Plata,LP39,-57.93781111,-34.93916389,30.16,67.5,9.38,2,3,17.1,wire_fence,11,3,4,15,1
La_Plata,LP40,-57.928,-34.91272222,35.3,138,13,1.8,3,19.8,wire_fence,9,21,0,9,0
Magdalena,MG1,-57.381535,-35.145811,36.84,181,12.25,1.7,0.4,0.43,Celtis_tala,7,1,7,14,0
Magdalena,MG10,-57.379232,-35.148384,37.87,155.4,17.19,1.75,1.2,9.64,Schinus_longifolius,6,50,8,14,0
Magdalena,MG11,-57.382928,-35.144433,43.23,192.2,11.3,3.5,3,15.43,Celtis_tala,7,4,5,12,0
Magdalena,MG12,-57.380207,-35.149264,38.96,270,9.25,2.3,1.8,12.02,Celtis_tala,2,1,2,4,0
Magdalena,MG13,-57.378861,-35.148202,34.82,261,10,1.65,1.5,11.97,Scutia_buxifolia,3,5,3,6,0
Magdalena,MG14,-57.381225,-35.146617,46.41,NA,NA,4,3.25,15.26,Celtis_tala,6,0,6,12,1
Magdalena,MG15,-57.383607,-35.145269,36.55,152.4,14.05,3,2.5,7.23,Scutia_buxifolia,22,7,18,40,4
Magdalena,MG16,-57.381067,-35.147258,25.3,NA,NA,2.5,1.8,11.67,Scutia_buxifolia,1,3,9,10,NA
Magdalena,MG17,-57.378952,-35.148248,25.74,85,13.67,5,2,15.29,Gleditsia_triacanthos,2,12,2,4,NA
Magdalena,MG18,-57.37898,-35.148232,NA,NA,NA,2,1,6.78,Gleditsia_triacanthos,1,8,2,3,1
Magdalena,MG19,-57.381073,-35.147317,NA,NA,NA,1.9,1.1,9.26,Scutia_buxifolia,0,0,0,0,NA
Magdalena,MG2,-57.380018,-35.1466,34.29,149,16.5,1.8,2,10.1,Celtis_tala,1,4,0,1,0
Magdalena,MG20,-57.379212,-35.148449,41.86,252,17.25,4.5,1.5,12.53,Scutia_buxifolia,5,6,3,8,0
Magdalena,MG21,-57.379266,-35.148374,35.03,131.2,8.63,3,1.8,10.52,Scutia_buxifolia,2,3,2,4,0
Magdalena,MG22,-57.378211,-35.148456,35.63,147.6,17.9,2.3,2.25,16.67,Celtis_tala,8,29,2,10,NA
Magdalena,MG3,-57.379704,-35.14671,33.34,130.33,16.33,1.8,0.5,6.26,Eryngium_sp,1,14,5,6,NA
Magdalena,MG4,-57.378424,-35.148322,42.29,174,16.5,1.8,1.7,4.99,Scutia_buxifolia,3,1,3,6,0
Magdalena,MG5,-57.378486,-35.148191,37.08,159.5,14.75,1.9,1.7,7.82,Schinus_longifolius,5,2,5,10,0
Magdalena,MG6,-57.378475,-35.148164,38.8,157.33,11.83,1.7,1.7,7.73,Schinus_longifolius,3,5,3,6,0
Magdalena,MG7,-57.379271,-35.147643,45.71,NA,NA,1.8,0.6,9.73,Celtis_tala,2,0,2,4,0
Magdalena,MG8,-57.37937,-35.14744,36.72,NA,7.25,2,1.75,8.97,Celtis_tala,3,1,3,6,0
Magdalena,MG9,-57.379714,-35.147479,40.29,236,11,2.1,2,15.27,Schinus_longifolius,18,5,18,36,0
Ranchos,RA1,-58.316637,-35.513053,32.8,121,15.33,2,6,NA,Ligustrum_lucidum,200,22,30,230,1
Ranchos,RA10,-58.316358,-35.506278,41.51,246.2,18.44,1.5,2,NA,wire_fence,21,46,54,75,1
Ranchos,RA11,-58.321686,-35.513683,32.3,134.6,16.58,1.7,4.5,NA,wire_fence,38,18,0,38,0
Ranchos,RA12,-58.323787,-35.513787,34.74,208.8,11.75,1.7,2,NA,wire_fence,10,15,3,13,6
Ranchos,RA13,-58.323775,-35.513757,23.23,135,17.88,1.7,1,NA,wire_fence,2,1,0,2,0
Ranchos,RA14,-58.31571,-35.514524,29.55,114.2,12,1.6,3.5,NA,wire_fence,3,4,41,44,0
Ranchos,RA15,-58.315583,-35.514717,28.03,133.25,22.38,3,2,NA,wire_fence,22,7,38,60,0
Ranchos,RA16,NA,NA,37.57,177,18.75,3,4,NA,Pyrus_sp,50,10,40,90,1
Ranchos,RA17,-58.311983,-35.516915,37.98,119.6,20.15,0.4,1.5,NA,wire_fence,6,8,1,7,0
Ranchos,RA18,-58.311952,-35.516791,35.78,116.6,18.94,1.2,1.1,NA,wire_fence,17,14,2,19,0
Ranchos,RA19,-58.31005,-35.519449,39.44,200.6,17,0.6,0.8,NA,wire_fence,4,14,0,4,0
Ranchos,RA2,-58.318003,-35.511254,29.08,199.67,12.13,1,2.5,NA,wire_fence,2,2,7,9,0
Ranchos,RA20,-58.3086206,-35.5167864,34.18,134.5,23.06,1.5,1.5,NA,wire_fence,29,9,1,30,0
Ranchos,RA21,-58.3059357,-35.5191005,31.74,142,NA,1.6,1,NA,Acer_sp,10,2,0,10,0
Ranchos,RA22,-58.3053476,-35.5208959,40.9,218.4,21.4,1.7,2.5,NA,Celtis_tala,30,32,40,70,2
Ranchos,RA23,-58.3114194,-35.522704,35.76,144,19.4,2.3,5,NA,Ficus_carica,10,2,0,10,1
Ranchos,RA24,-58.3111378,-35.5204459,38.34,176.8,21.13,1.6,2.5,NA,wire_fence,34,2,11,45,0
Ranchos,RA25,-58.3355516,-35.5142517,33.05,36,18,2,2.5,NA,Bulnesia_retama,1,0,46,47,0
Ranchos,RA26,-58.3354859,-35.5141767,38.19,215,10.31,2,1.5,NA,Bulnesia_retama,2,3,10,12,0
Ranchos,RA27,-58.3358554,-35.5151747,34.71,130.4,12.5,1.7,2,NA,Bulnesia_retama,2,4,16,18,0
Ranchos,RA28,-58.3362024,-35.5162234,32.87,127.75,12.75,1.7,1.6,NA,Bulnesia_retama,29,4,22,51,0
Ranchos,RA29,-58.3362842,-35.5163937,33.86,149.33,13.45,1.7,2,NA,wire_fence,0,23,68,68,1
Ranchos,RA3,-58.317922,-35.511018,27.96,113,17,1.8,3,NA,wire_fence,11,12,17,28,1
Ranchos,RA30,-58.3323353,-35.5235671,22.92,18.2,12.25,1.3,1.7,NA,wire_fence,39,58,7,46,1
Ranchos,RA31,-58.3390683,-35.5127191,43.46,203,10,2.5,3,NA,Celtis_tala,8,8,22,30,0
Ranchos,RA32,-58.3390532,-35.5126356,25.61,179,11.5,1.9,1,NA,Parkinsonia_aculeata,8,9,7,15,1
Ranchos,RA33,-58.3364166,-35.5117128,36.91,136.25,11.81,1.5,3,NA,Celtis_tala,10,44,51,61,1
Ranchos,RA34,-58.3375321,-35.5114817,41.25,187,14,2.7,1.8,NA,Robinia_pseudoacacia,0,7,68,68,3
Ranchos,RA35,-58.3378053,-35.5113821,31.44,128.33,13.75,1.5,2,NA,Ficus_carica,5,0,12,17,0
Ranchos,RA36,-58.3378727,-35.5113608,39.43,142,17.25,1.2,2.2,NA,Ficus_carica,2,2,5,7,0
Ranchos,RA37,-58.3387994,-35.5120515,32.63,214.5,7.38,1.5,1,NA,Celtis_tala,1,1,6,7,0
Ranchos,RA38,-58.332505,-35.5126454,30.16,66.6,17.85,1.7,4,NA,living_fence,11,18,30,41,0
Ranchos,RA39,-58.3280032,-35.5159437,34.12,192.8,18.42,1.6,11,NA,wire_fence,40,55,10,50,4
Ranchos,RA4,-58.317824,-35.510947,24.44,32.67,27.75,1.5,3,NA,wire_fence,3,1,4,7,0
Ranchos,RA40,-58.3282614,-35.5158149,42.85,300,17.6,2.5,2.3,NA,wall,50,24,12,62,3
Ranchos,RA41,-58.3208997,-35.5189188,42.75,107.8,20.44,1.6,3.5,NA,wire_fence,2,74,111,113,0
Ranchos,RA42,-58.3233472,-35.5254924,35.99,208.75,16.8,2,2.2,NA,brick_pile,20,21,57,77,0
Ranchos,RA43,-58.3168945,-35.5212888,47.21,240,20.6,2,2.4,NA,Ligustrum_lucidum,52,5,4,56,0
Ranchos,RA44,-58.318472,-35.5248127,36.3,154,11.25,1.7,1.3,NA,unidentified_ornamental_species,1,8,13,14,0
Ranchos,RA45,-58.3252781,-35.5176851,35.95,174,17.75,2.5,3,NA,Celtis_tala,9,7,42,51,1
Ranchos,RA46,-58.3304708,-35.5191849,29.5,120.8,21.85,1.2,3.2,NA,wire_fence,5,24,45,50,0
Ranchos,RA47,-58.3273836,-35.5149673,33.82,133.6,20.55,1.7,4.2,NA,wire_fence,198,54,3,201,0
Ranchos,RA48,-58.3272837,-35.5150292,39.78,185,NA,3,0.6,NA,light_post,3,0,1,4,0
Ranchos,RA49,-58.3288069,-35.5154432,44.91,202.4,18.42,2,4,NA,wire_fence,78,18,40,118,2
Ranchos,RA5,-58.318068,-35.51069,24.38,38,11,4,2,NA,Celtis_tala,8,15,49,57,3
Ranchos,RA50,-58.3225667,-35.5183801,41.32,217,20.25,1.4,2.5,NA,wire_fence,88,9,8,96,0
Ranchos,RA6,NA,NA,39.98,228,16.5,1.5,2.5,NA,wire_fence,4,37,36,40,0
Ranchos,RA7,-58.317479,-35.51092,40.74,270.25,21.6,1.5,2.5,NA,wire_fence,88,6,8,96,0
Ranchos,RA8,-58.319609,-35.512161,33.69,191,16,1.7,3,NA,wire_fence,6,14,2,8,0
Ranchos,RA9,-58.316399,-35.509557,32.39,220,14.85,1.8,2.2,NA,wire_fence,7,10,7,14,0
Tucuman,TU101,NA,NA,32.5,145.89,NA,4.3,4.7,NA,wire_fence,1,49,3,50,NA
Tucuman,TU102,NA,NA,35.49,153.5,NA,2.3,2,NA,wire_fence,1,3,1,4,NA
Tucuman,TU103,NA,NA,33.27,92.84,NA,4.5,12.9,NA,wire_fence,7,17,0,24,NA
Tucuman,TU105,NA,NA,NA,NA,NA,8,5,NA,wire_fence,13,26,8,39,NA
Tucuman,TU106,NA,NA,36.62,113.22,NA,2.3,7.1,NA,wall,4,15,12,19,NA
Tucuman,TU107,NA,NA,35.47,131,NA,2.6,7,NA,fence_gate,2,15,3,17,NA
Tucuman,TU108,NA,NA,NA,NA,NA,2.4,2.8,NA,wall,0,1,0,1,NA
Tucuman,TU11,NA,NA,31.3,71.67,NA,1.6,6.4,NA,wire_fence,0,4,1,4,NA
Tucuman,TU112,NA,NA,31.56,103.5,NA,2.3,3.4,NA,wire_fence,1,0,0,1,NA
Tucuman,TU113,NA,NA,NA,NA,NA,2,2.8,NA,wire_fence,1,0,0,1,NA
Tucuman,TU114,NA,NA,36.69,127.71,NA,1.9,25,NA,wall,18,25,15,43,NA
Tucuman,TU119,NA,NA,NA,NA,NA,3.5,2.5,NA,NA,79,185,3,264,NA
Tucuman,TU120,NA,NA,34.06,151.27,NA,6.5,8,NA,wire_fence,17,82,8,17,NA
Tucuman,TU16,NA,NA,32.28,56.17,NA,3.4,7.3,NA,wall,22,9,0,31,NA
Tucuman,TU2,NA,NA,27.65,27.67,NA,2.2,7,NA,wall,2,8,0,10,NA
Tucuman,TU22,NA,NA,NA,NA,NA,1.9,3.8,NA,wire_fence,0,2,0,2,NA
Tucuman,TU30,NA,NA,37.49,169.55,NA,6,3.6,NA,wire_fence,2,7,0,9,NA
Tucuman,TU36,NA,NA,21.49,1,NA,3.5,8.5,NA,wall,11,40,0,51,NA
Tucuman,TU56,NA,NA,45.67,183,NA,2.2,5.25,NA,wire_fence,3,1,7,4,NA
Tucuman,TU57,NA,NA,39.07,183,NA,2.1,4.5,NA,wire_fence,0,9,0,9,NA
Tucuman,TU58,NA,NA,33.19,87.25,NA,NA,NA,NA,wire_fence,0,13,1,0,NA
Tucuman,TU60,NA,NA,31.59,79,NA,3.5,6,NA,wire_fence,0,9,15,9,NA
Tucuman,TU61,NA,NA,23,10.33,NA,NA,NA,NA,NA,1,1,0,2,NA
Tucuman,TU67,NA,NA,NA,NA,NA,3,4.4,NA,bush,6,8,2,14,NA
Tucuman,TU68,NA,NA,NA,NA,NA,1.5,2.8,NA,bush,2,0,0,2,NA
Tucuman,TU73,NA,NA,NA,NA,NA,2.4,2.3,NA,wire_fence,0,0,0,0,NA
Tucuman,TU9,NA,NA,34.651,217,NA,2,4.7,NA,wall,0,2,1,2,NA
Santa_Fe,SFE1,-60.675341,-31.641307,40.03,219.4,NA,2,5,NA,Erythrina_crista-galli,3,9,16,19,1
Santa_Fe,SFE10,-60.661952,-31.639946,39.72,260,NA,4.5,5,NA,Sapium_haematospermum,1,26,26,27,0
Santa_Fe,SFE11,-60.662499,-31.639937,39.54,219.6,NA,6,2,NA,Acacia_caven,2,39,25,27,0
Santa_Fe,SFE12,-60.663121,-31.639974,39.34,195.6,NA,4,2,NA,Acacia_caven,2,6,18,20,0
Santa_Fe,SFE13,-60.662145,-31.639754,34.68,236.2,NA,5,3,NA,light_post,6,14,9,15,2
Santa_Fe,SFE14,-60.662295,-31.639773,37.5,191.6,NA,1.5,3,NA,Erythrina_crista-galli,9,7,25,34,0
Santa_Fe,SFE15,-60.662424,-31.639773,36.95,167.8,NA,1.8,3,NA,Erythrina_crista-galli,33,19,15,48,0
Santa_Fe,SFE16,-60.662574,-31.639809,35.95,193.6,NA,1.8,3,NA,Erythrina_crista-galli,1,12,8,9,0
Santa_Fe,SFE17,-60.66254,-31.639813,38.55,202.4,NA,1,3,NA,Erythrina_crista-galli,1,13,9,10,2
Santa_Fe,SFE18,-60.662709,-31.639936,39.84,95.4,NA,4,5,NA,Acacia_caven,9,7,12,21,0
Santa_Fe,SFE19,-60.675622,-31.636708,40.93,194.6,NA,2,1,NA,Erythrina_crista-galli,3,3,13,16,0
Santa_Fe,SFE2,-60.672747,-31.641099,39.17,199.2,NA,5,4,NA,Acacia_caven,1,6,9,10,0
Santa_Fe,SFE20,-60.675536,-31.636598,38.53,182,NA,2.5,2.5,NA,wire_fence,2,25,6,8,0
Santa_Fe,SFE21,-60.675429,-31.636438,39.95,210,NA,2.5,2,NA,wire_fence,0,19,2,2,0
Santa_Fe,SFE22,-60.675284,-31.636242,39.52,219.2,NA,2.5,4,NA,wire_fence,4,23,7,11,0
Santa_Fe,SFE23,-60.674587,-31.635160,38.06,169.8,NA,2.5,1.5,NA,wire_fence,2,3,0,2,2
Santa_Fe,SFE24,-60.674249,-31.634886,40.09,223.4,NA,1.5,2,NA,Acacia_caven,3,18,5,8,0
Santa_Fe,SFE25,-60.673825,-31.634703,33.4,223.8,NA,5,3,NA,Acacia_caven,4,26,31,35,0
Santa_Fe,SFE26,-60.673449,-31.634616,38.87,186.6,NA,5,4,NA,Enterolobium_contortisiliquum,3,19,15,18,0
Santa_Fe,SFE27,-60.709497,-31.627650,36.92,189,NA,1,1,NA,Fraxinus_sp,0,1,0,0,0
Santa_Fe,SFE28,-60.707974,-31.620935,33.85,109.8,NA,3,2,NA,wall,3,1,1,4,0
Santa_Fe,SFE29,-60.695879,-31.641158,37.35,234.2,NA,1,2.5,NA,dry_branch,2,1,2,4,0
Santa_Fe,SFE3,-60.672648,-31.641156,39.59,212.2,NA,4,3.5,NA,Acacia_caven,3,3,6,9,1
Santa_Fe,SFE4,-60.665711,-31.640093,41.79,242,NA,5,3,NA,Sapium_haematospermum,9,4,41,50,0
Santa_Fe,SFE5,-60.665099,-31.639700,38.5,198.4,NA,2,1,NA,Acacia_caven,2,41,14,16,2
Santa_Fe,SFE6,-60.664799,-31.639636,34.74,133.2,NA,0.5,4,NA,unidentified_creeping_plant,0,8,6,6,0
Santa_Fe,SFE7,-60.664488,-31.639563,38.13,207.2,NA,2,2,NA,Acacia_caven,2,51,9,11,0
Santa_Fe,SFE8,-60.664091,-31.639472,38.26,199.4,NA,1,3,NA,unidentified_creeping_plant,0,49,9,9,1
Santa_Fe,SFE9,-60.661115,-31.639910,37.38,195.8,NA,2,2.5,NA,Acacia_caven,5,16,12,17,0
Sauce_Montrull,SM14,-60.36408702,-31.73925804,34.77,230,20.05,1.25,2.93,5.62,wire_fence,39,7,4,43,0
Sauce_Montrull,SM15,-60.36417997,-31.73956499,37.92,238.8,18.56,1.75,2.5,9.28,Opuntia_sp,22,5,5,27,0
Sauce_Montrull,SM16,-60.36420101,-31.73968602,31.73,237,17.75,0.9,1.17,6.57,wire_fence,5,3,0,5,0
Sauce_Montrull,SM17,-60.364414,-31.73986296,35.26,167.8,13.3,1.75,1,6.91,Scutia_buxifolia,23,1,7,30,0
Sauce_Montrull,SM27,-60.37068701,-31.73825498,33.44,144.25,15.63,4,1.25,11.6,Celtis_tala,29,3,4,33,1
Sauce_Montrull,SM29,-60.37036196,-31.73756196,41.29,237.75,18.75,2.25,1.25,8.13,Celtis_tala,19,5,4,23,0
Sauce_Montrull,SM29B,-60.37034696,-31.73755601,37.72,185.4,19,4,2,11.68,Celtis_tala,24,4,10,34,4
Sauce_Montrull,SM3,-60.35709903,-31.74424804,33.59,190.6,17.1,3.5,2,9.63,Celtis_tala,19,3,6,25,0
Sauce_Montrull,SM30,-60.37034696,-31.73750396,32.69,179.8,16.5,2.5,5,9.99,unidentified_bush,29,1,8,37,0
Sauce_Montrull,SM31,-60.35787703,-31.74226899,36.7,152.4,19.5,2.5,1.25,7.85,Jodina_rhombifolia,9,1,0,9,0
Sauce_Montrull,SM36,-60.36957499,-31.73570998,31.45,173.2,16.6,2.75,1,6.29,Acacia_caven,12,2,6,18,0
Sauce_Montrull,SM37,-60.36955998,-31.73567503,35.54,72.25,14.33,4,1.75,9.96,Acacia_caven,31,2,27,58,0
Sauce_Montrull,SM38,-60.36949804,-31.735569,37.53,224.2,14.3,1.9,1.5,3.66,Morus_alba,12,0,3,15,0
Sauce_Montrull,SM39,-60.36771798,-31.73169002,NA,NA,NA,3.5,1.9,58,Ligustrum_lucidum,3,0,2,5,0
Sauce_Montrull,SM4,-60.35796597,-31.74221803,31.22,150,16.42,2.5,1.65,8.92,Achatocarpus_praecox,11,4,1,12,0
Sauce_Montrull,SM40,-60.367794,-31.73189403,NA,NA,NA,1.9,1.5,5.6,Melia_azedarach,5,8,4,9,0
Sauce_Montrull,SM41,-60.36807203,-31.73242302,37.54,226.33,19.5,3.25,1.75,16.2,Ligustrum_lucidum,21,5,21,42,0
Sauce_Montrull,SM42,-60.36876203,-31.73402497,30.27,181.2,13.25,2.1,1.2,NA,wire_fence,19,1,7,26,0
Sauce_Montrull,SM43,-60.36874903,-31.73399898,33.37,257.8,10.9,1.8,2.1,4.6,wire_fence,16,2,7,23,0
Sauce_Montrull,SM44,-60.368944,-31.73445596,34.89,146.8,17.5,2.5,2.4,NA,Sapium_haematospermum,16,10,8,24,0
Sauce_Montrull,SM45,-60.36896504,-31.734477,NA,NA,NA,2.5,1.7,7.14,Schinus_longifolius,10,5,6,16,0
Sauce_Montrull,SM46,-60.36922596,-31.73504898,NA,NA,NA,3,1.5,54,Morus_alba,4,0,4,8,0
Sauce_Montrull,SM48,-60.36909303,-31.734693,NA,NA,NA,1.8,1.2,1.85,Sapium_haematospermum,4,0,3,7,0
Sauce_Montrull,SM48B,-60.369,-31.73469,NA,NA,NA,4,2.2,4,Schinus_longifolius,15,3,10,25,0
Sauce_Montrull,SM49,-60.36936401,-31.73527999,33.89,139.8,15.7,3.2,4.7,5.9,Schinus_areira,41,9,12,53,0
Sauce_Montrull,SM50,-60.36906604,-31.73471698,NA,NA,NA,1.5,0.3,4.03,Sapium_haematospermum,3,0,1,4,0
Sauce_Montrull,SM51,-60.36938497,-31.73533296,NA,NA,NA,1.85,1.25,2.89,NA,5,1,4,9,0
Sauce_Montrull,SM51B,-60.36948798,-31.73551996,NA,NA,NA,4,2.5,6.9,Prosopis_sp,47,1,35,82,0
Sauce_Montrull,SM52,-60.36955101,-31.73567402,NA,NA,NA,1.5,1.5,2.86,NA,1,3,0,1,0
Sauce_Montrull,SM53,-60.36955998,-31.73567603,NA,NA,NA,1.7,0.8,4.83,Acacia_caven,2,0,0,2,0
Sauce_Montrull,SM54,-60.36915698,-31.73602103,35.02,224.4,15.13,1.75,1,3.46,Celtis_tala,38,2,6,44,0
Sauce_Montrull,SM55,-60.36910401,-31.73603696,33.59,171.6,18.05,1.5,1.25,5.05,Opuntia_sp,41,3,5,46,0
Sauce_Montrull,SM56,-60.36907299,-31.73605003,32.67,164.8,15.4,2.5,2,5.79,Celtis_tala,31,2,2,33,0
Sauce_Montrull,SM57,-60.36873898,-31.73615296,33.88,169.5,12.5,1.25,1.25,4.28,unidentified_bush,23,0,3,26,0
Sauce_Montrull,SM58,-60.36869396,-31.73615799,34.65,192.33,15,2,1.75,4.22,Celtis_tala,24,0,3,27,0
