populationID,plantID,fruitID,ripening,aspect,diam_mm,length_mm,totalMass_g,peelMass_g,pulpseedMass_g,sugar_brix,Nseeds,MassSampleseeds,NseedsSample,larvae,xSeedMass_g,pulpMass_g,pulpseedRatio,,,,,,
Carlos_Pellegrini,CP10,1,orange,whole,38.92,42.20,14.63,8.93,5.52,18.75,188,0.033,5,0,1.241,4.2822,3.451,,,,,,
Carlos_Pellegrini,CP10,2,green,whole,24.07,29.47,5.38,3.93,1.39,11.50,47,0.029,5,0,0.273,1.115,4.092,,,,,,
Carlos_Pellegrini,CP10,3,green,whole,31.76,36.44,9.80,8.19,1.25,NA,NA,NA,NA,0,NA,NA,NA,,,,,,
Carlos_Pellegrini,CP10,4,green,whole,37.02,35.25,12.47,10.01,2.28,9.50,172,0.022,5,0,0.757,1.518,2.006,,,,,,
Carlos_Pellegrini,CP11,1,orange,whole,35.66,39.97,13.28,7.35,5.83,16.50,211,0.020,5,0,0.844,4.981,5.902,,,,,,
Carlos_Pellegrini,CP11,2,orange,whole,34.11,35.52,11.42,5.70,5.58,16.50,182,0.026,5,0,0.946,4.636,4.898,,,,,,
Carlos_Pellegrini,CP11,3,orange,little_pecked,36.27,NA,2.39,2.39,NA,NA,NA,NA,NA,0,NA,NA,NA,,,,,,
Carlos_Pellegrini,CP12,1,orange,little_pecked,35.69,NA,2.59,2.59,NA,NA,NA,NA,NA,0,NA,NA,NA,,,,,,
Carlos_Pellegrini,CP12,2,green_orange,whole,36.70,44.13,17.42,8.00,8.78,11.50,285,0.036,5,0,2.052,6.732,3.281,,,,,,
Carlos_Pellegrini,CP12,3,green_orange,whole,40.10,46.76,20.67,9.48,10.88,12.50,338,0.035,5,0,2.366,8.511,3.597,,,,,,
Carlos_Pellegrini,CP15,1,orange,whole,40.31,46.64,15.18,10.11,4.94,16.00,150,0.039,5,0,1.170,3.767,3.220,,,,,,
Carlos_Pellegrini,CP15,2,green,whole,35.66,46.12,17.00,11.86,4.95,9.25,152,0.036,5,0,1.094,3.860,3.527,,,,,,
Carlos_Pellegrini,CP15,3,orange,whole,49.79,49.33,15.78,9.73,5.96,14.50,165,0.034,5,0,1.122,4.834,4.308,,,,,,
Carlos_Pellegrini,CP15,4,green,whole,37.33,48.55,17.80,10.90,6.42,11.00,179,0.035,5,0,1.253,5.170,4.126,,,,,,
Carlos_Pellegrini,CP15,5,orange,whole,35.84,41.09,11.13,6.94,4.01,7.50,156,0.036,5,0,1.123,2.885,2.568,,,,,,
Carlos_Pellegrini,CP16,1,orange,little_pecked,34.89,NA,5.25,5.25,NA,NA,NA,NA,NA,0,NA,NA,NA,,,,,,
Carlos_Pellegrini,CP17,1,orange,little_pecked,36.04,NA,15.20,8.19,6.88,14.25,178,0.031,5,0,1.104,5.773,5.231,,,,,,
Carlos_Pellegrini,CP18,1,orange,little_pecked,35.50,NA,4.50,4.50,NA,NA,NA,NA,NA,0,NA,NA,NA,,,,,,
Carlos_Pellegrini,CP19,1,orange,little_pecked,45.96,NA,9.33,8.72,0.52,8.25,15,0.033,5,0,0.099,0.424,4.283,,,,,,
Carlos_Pellegrini,CP19,2,orange,little_pecked,39.53,NA,6.69,6.35,0.28,NA,11,0.029,5,0,0.064,0.220,3.451,,,,,,
Carlos_Pellegrini,CP19,3,green_orange,whole,36.58,49.45,17.24,10.55,6.24,15.00,166,0.034,5,0,1.129,5.109,4.526,,,,,,
Carlos_Pellegrini,CP19,4,orange,highly_pecked,40.74,NA,6.53,6.53,NA,NA,NA,NA,NA,0,NA,NA,NA,,,,,,
Carlos_Pellegrini,CP19,5,orange,little_pecked,32.92,NA,4.57,4.57,NA,NA,NA,NA,NA,0,NA,NA,NA,,,,,,
Carlos_Pellegrini,CP2,1,orange,whole,41.26,40.86,14.61,10.37,3.99,18.25,120,0.036,5,1,0.864,3.126,3.618,,,,,,
Carlos_Pellegrini,CP2,2,orange,whole,31.83,37.20,8.73,5.92,2.50,18.50,69,0.038,5,0,0.524,1.975,3.765,,,,,,
Carlos_Pellegrini,CP2,3,orange,whole,40.45,43.52,15.68,11.19,4.24,18.25,123,0.032,5,0,0.787,3.454,4.387,,,,,,
Carlos_Pellegrini,CP2,4,green,whole,39.61,40.95,15.97,11.38,4.41,16.50,111,0.037,5,0,0.821,3.589,4.369,,,,,,
Carlos_Pellegrini,CP2,5,orange,whole,41.21,42.02,17.51,12.85,4.41,17.20,129,0.032,5,0,0.826,3.583,4.340,,,,,,
Carlos_Pellegrini,CP20,2,green,whole,42.47,38.52,23.40,15.02,7.99,7.75,275,0.029,5,0,1.595,6.391,4.007,,,,,,
Carlos_Pellegrini,CP20,3,orange,whole,35.67,40.38,13.19,6.82,6.22,14.25,216,0.027,5,0,1.166,5.050,4.329,,,,,,
Carlos_Pellegrini,CP20,4,green,whole,36.42,43.71,17.86,11.59,5.93,9.00,185,0.032,5,0,1.184,4.749,4.011,,,,,,
Carlos_Pellegrini,CP20,5,orange,little_pecked,38.69,NA,5.91,5.91,NA,NA,NA,NA,NA,0,NA,NA,NA,,,,,,
Carlos_Pellegrini,CP20,6,orange,little_pecked,39.02,NA,7.18,7.18,NA,NA,NA,NA,NA,0,NA,NA,NA,,,,,,
Carlos_Pellegrini,CP4,1,orange,whole,38.43,40.67,5.65,5.65,NA,NA,NA,NA,NA,0,NA,NA,NA,,,,,,
Carlos_Pellegrini,CP4,2,orange,whole,31.88,36.01,5.52,5.52,NA,NA,NA,NA,NA,0,NA,NA,NA,,,,,,
Carlos_Pellegrini,CP5,1,orange,highly_pecked,42.94,NA,5.60,4.21,1.27,11.00,55,0.029,5,0,0.319,0.952,2.984,,,,,,
Carlos_Pellegrini,CP5,2,orange,whole,36.82,37.36,11.75,6.43,5.23,10.75,195,0.035,5,0,1.365,3.861,2.829,,,,,,
Carlos_Pellegrini,CP5,3,orange,little_pecked,32.35,NA,7.38,4.54,2.68,11.25,89,0.034,5,1,0.605,2.074,3.427,,,,,,
Carlos_Pellegrini,CP5,4,orange,whole,31.72,33.79,10.73,5.76,4.70,13.00,161,0.027,5,0,0.869,3.835,4.411,,,,,,
Carlos_Pellegrini,CP5,5,orange,whole,35.07,38.94,13.16,6.67,5.95,11.00,179,0.031,5,0,1.110,4.837,4.359,,,,,,
Carlos_Pellegrini,CP6,1,orange,little_pecked,38.43,NA,6.77,4.50,2.22,19.50,82,0.033,5,0,0.541,1.683,3.109,,,,,,
Carlos_Pellegrini,CP6,2,green_orange,whole,39.82,45.13,15.74,8.38,7.23,10.50,224,0.036,5,0,1.613,5.613,3.480,,,,,,
Carlos_Pellegrini,CP6,3,orange,little_pecked,37.18,NA,5.13,4.43,0.64,15.00,27,0.035,5,0,0.189,0.453,2.397,,,,,,
Carlos_Pellegrini,CP6,4,orange,whole,41.99,48.73,17.71,9.86,7.70,11.75,213,0.042,5,0,1.789,5.907,3.301,,,,,,
Carlos_Pellegrini,CP7,1,green,whole,31.41,39.99,13.87,9.15,0.54,NA,NA,NA,NA,0,NA,NA,NA,,,,,,
Carlos_Pellegrini,CP7,2,green,whole,32.32,41.10,14.33,10.79,3.19,8.00,124,0.039,5,0,0.967,2.218,2.293,,,,,,
Carlos_Pellegrini,CP7,3,green,whole,36.19,46.42,15.85,11.57,3.91,9.50,116,0.030,5,0,0.696,3.212,4.615,,,,,,
Carlos_Pellegrini,CP7,4,orange,whole,28.39,30.95,3.57,2.89,0.65,NA,13,0.034,5,0,0.088,0.557,6.296,,,,,,
Carlos_Pellegrini,CP8,1,green_orange,whole,34.69,41.95,15.57,9.28,6.10,6.50,234,0.031,5,0,1.451,4.650,3.205,,,,,,
Carlos_Pellegrini,CP9,1,green,whole,39.99,47.92,25.85,15.63,9.96,9.50,363,0.032,5,0,2.323,7.639,3.288,,,,,,
Carlos_Pellegrini,CP9,2,green,whole,40.11,44.52,22.50,14.03,8.33,10.75,316,0.033,5,0,2.086,6.244,2.994,,,,,,
Carlos_Pellegrini,CP9,3,green,whole,34.83,36.37,16.44,10.01,6.13,10.00,262,0.032,5,0,1.677,4.454,2.656,,,,,,
Carlos_Pellegrini,CP9,4,orange,little_pecked,37.28,NA,5.91,5.91,NA,NA,NA,NA,NA,0,NA,NA,NA,,,,,,
Carlos_Pellegrini,CP9,5,orange,little_pecked,38.39,NA,5.98,5.98,NA,NA,NA,NA,NA,0,NA,NA,NA,,,,,,
El_Carmen,PCJ1,1,orange,whole,42.26,53.60,22.41,9.19,12.73,16.50,263,0.050,5,0,2.630,10.099,3.840,,,,,,
El_Carmen,PCJ1,2,orange,whole,38.01,52.95,14.58,8.35,5.98,18.25,144,0.048,5,0,1.382,4.595,3.324,,,,,,
El_Carmen,PCJ1,3,orange,whole,24.32,35.62,3.17,2.15,0.93,20.25,25,0.048,5,0,0.240,0.685,2.854,,,,,,
El_Carmen,PCJ12,1,orange,whole,36.53,40.22,16.10,9.83,6.17,11.50,217,0.056,5,0,2.430,3.743,1.540,,,,,,
El_Carmen,PCJ12,2,orange,whole,28.07,34.24,10.39,6.35,3.98,10.75,147,0.050,5,0,1.470,2.508,1.706,,,,,,
El_Carmen,PCJ12,3,green_orange,whole,17.58,23.54,17.72,11.36,5.42,7.00,166,0.052,5,0,1.726,3.689,2.137,,,,,,
El_Carmen,PCJ12,4,green,whole,NA,NA,6.64,4.42,2.02,6.25,67,0.060,5,0,0.804,1.219,1.516,,,,,,
El_Carmen,PCJ12,5,orange,whole,NA,NA,10.84,7.04,3.56,12.00,85,0.075,5,0,1.275,2.281,1.789,,,,,,
El_Carmen,PCJ13,1,orange,whole,28.30,30.01,6.33,4.86,1.05,NA,NA,NA,NA,0,NA,NA,NA,,,,,,
El_Carmen,PCJ13,2,orange,whole,27.00,32.73,3.78,3.44,NA,NA,NA,NA,NA,1,NA,NA,NA,,,,,,
El_Carmen,PCJ13,3,orange,whole,31.07,36.62,10.46,7.15,2.91,NA,NA,NA,NA,0,NA,NA,NA,,,,,,
El_Carmen,PCJ13,4,orange,whole,45.01,47.36,23.12,11.89,10.84,12.75,194,0.052,5,0,2.018,8.821,4.372,,,,,,
El_Carmen,PCJ13,5,orange,whole,29.29,35.78,5.88,4.15,1.59,4.00,NA,NA,NA,0,NA,NA,NA,,,,,,
El_Carmen,PCJ14,1,orange,whole,28.79,29.93,9.76,6.55,2.91,14.75,57,0.053,5,0,0.604,2.304,3.813,,,,,,
El_Carmen,PCJ14,2,green,whole,37.81,39.60,20.27,9.16,10.88,15.25,121,0.064,5,0,1.549,9.326,6.022,,,,,,
El_Carmen,PCJ14,3,green,whole,34.86,33.12,14.03,9.23,3.62,16.25,82,0.063,5,0,1.033,2.590,2.507,,,,,,
El_Carmen,PCJ2,1,orange,whole,48.18,52.88,13.74,8.14,5.54,16.50,207,0.056,5,0,2.318,3.220,1.389,,,,,,
El_Carmen,PCJ2,2,orange,whole,41.91,45.57,NA,NA,NA,NA,NA,NA,NA,NA,NA,NA,NA,,,,,,
El_Carmen,PCJ2,3,green,whole,46.33,55.66,31.10,17.71,11.46,7.75,223,0.055,5,0,2.453,9.010,3.673,,,,,,
El_Carmen,PCJ2,4,green,whole,45.77,52.02,NA,NA,NA,NA,NA,NA,NA,NA,NA,NA,NA,,,,,,
El_Carmen,PCJ28,1,orange,whole,46.59,47.42,18.62,11.70,6.42,12.25,214,0.052,5,1,2.226,4.189,1.882,,,,,,
El_Carmen,PCJ28,2,green,whole,44.85,47.87,31.25,12.70,10.58,6.50,269,0.049,5,0,2.636,7.943,3.013,,,,,,
El_Carmen,PCJ28,3,green,whole,45.31,51.52,NA,NA,NA,NA,NA,NA,NA,NA,NA,NA,NA,,,,,,
El_Carmen,PCJ28,4,green,whole,45.42,51.83,29.90,17.65,11.93,6.25,267,0.052,5,0,2.777,9.154,3.297,,,,,,
El_Carmen,PCJ28,5,green,whole,44.97,47.65,NA,NA,NA,NA,NA,NA,NA,NA,NA,NA,NA,,,,,,
El_Carmen,PCJ37,1,orange,whole,41.20,42.31,8.25,4.46,3.76,NA,190,0.043,5,0,1.634,2.129,1.303,,,,,,
El_Carmen,PCJ37,2,orange,whole,35.33,40.97,NA,NA,NA,NA,NA,NA,NA,NA,NA,NA,NA,,,,,,
El_Carmen,PCJ37,3,orange,whole,39.30,37.62,NA,NA,NA,NA,NA,NA,NA,NA,NA,NA,NA,,,,,,
El_Carmen,PCJ37,4,orange,whole,36.80,43.57,13.13,7.06,5.78,10.00,221,0.042,5,0,1.856,3.919,2.111,,,,,,
El_Carmen,PCJ37,5,orange,whole,37.84,39.55,NA,NA,NA,NA,NA,NA,NA,NA,NA,NA,NA,,,,,,
El_Carmen,PCJ38,1,orange,little_pecked,NA,NA,12.91,9.97,2.50,14.00,59,0.042,5,0,0.496,2.002,4.040,,,,,,
El_Carmen,PCJ38,2,orange,whole,NA,NA,23.70,10.52,12.84,18.00,272,0.047,5,0,2.557,10.287,4.023,,,,,,
El_Carmen,PCJ38,3,orange,little_pecked,NA,NA,7.92,7.92,NA,NA,NA,NA,NA,0,NA,NA,NA,,,,,,
El_Carmen,PCJ38,4,green_orange,whole,NA,NA,12.58,6.32,5.94,17.75,140,0.041,5,0,1.148,4.790,4.172,,,,,,
El_Carmen,PCJ38,5,green,whole,NA,NA,10.77,5.90,4.60,14.50,90,0.054,5,0,0.972,3.627,3.731,,,,,,
El_Carmen,PCJ39,1,orange,whole,40.00,45.40,18.73,12.21,5.62,14.50,127,0.049,5,0,1.245,4.378,3.518,,,,,,
El_Carmen,PCJ39,2,green,whole,29.50,34.60,8.96,5.48,3.29,10.00,91,0.043,5,0,0.783,2.504,3.200,,,,,,
El_Carmen,PCJ39,3,green_orange,whole,24.64,34.55,5.15,3.39,1.65,NA,78,0.041,5,0,0.640,1.012,1.583,,,,,,
El_Carmen,PCJ4,1,green,whole,38.12,47.31,16.70,12.79,3.65,6.75,181,0.045,5,0,1.629,2.017,1.238,,,,,,
El_Carmen,PCJ4,2,green,whole,41.55,50.46,26.82,14.44,8.77,6.00,198,0.055,5,0,2.178,6.595,3.028,,,,,,
El_Carmen,PCJ4,3,green,whole,37.61,46.62,15.95,12.13,3.33,5.00,172,0.044,5,0,1.514,1.820,1.203,,,,,,
El_Carmen,PCJ4,4,green,whole,38.92,48.00,8.27,4.24,4.03,11.50,119,0.061,5,0,1.452,2.578,1.776,,,,,,
El_Carmen,PCJ4,5,green,whole,35.92,48.60,9.28,6.68,2.61,5.50,65,0.053,5,0,0.689,1.916,2.781,,,,,,
El_Carmen,PCJ40,1,orange,whole,29.35,40.00,6.48,3.03,3.45,20.50,102,0.060,5,0,1.224,2.227,1.819,,,,,,
El_Carmen,PCJ40,2,orange,whole,35.11,49.65,12.12,5.82,6.31,16.25,261,0.053,5,0,2.767,3.540,1.280,,,,,,
El_Carmen,PCJ40,3,orange,whole,39.10,47.19,13.37,5.91,7.46,23.25,231,0.058,5,0,2.680,4.775,1.782,,,,,,
El_Carmen,PCJ40,4,orange,whole,34.20,47.78,10.95,5.01,5.94,20.00,265,0.057,5,0,3.021,2.922,0.967,,,,,,
El_Carmen,PCJ40,5,orange,whole,32.77,48.80,7.27,3.10,4.17,19.50,145,0.056,5,0,1.624,2.546,1.568,,,,,,
El_Carmen,PCJ44,1,orange,whole,42.32,46.10,19.09,15.05,3.63,17.00,103,0.066,5,0,1.360,2.267,1.668,,,,,,
El_Carmen,PCJ44,2,orange,whole,35.45,44.13,18.49,13.77,4.54,17.75,116,0.065,5,0,1.508,3.028,2.008,,,,,,
El_Carmen,PCJ44,3,orange,whole,38.56,40.89,5.94,4.98,0.91,NA,37,0.068,5,0,0.503,0.408,0.810,,,,,,
El_Carmen,PCJ44,4,orange,whole,34.55,35.20,13.55,10.10,3.20,16.75,90,0.061,5,0,1.098,2.101,1.913,,,,,,
El_Carmen,PCJ44,5,orange,whole,24.95,34.56,13.81,9.48,4.18,18.00,116,0.062,5,0,1.438,2.745,1.908,,,,,,
El_Carmen,PCJ47,1,orange,whole,33.97,40.93,6.50,4.55,1.41,15.75,52,0.047,5,0,0.489,0.921,1.885,,,,,,
El_Carmen,PCJ47,2,orange,whole,49.55,48.56,25.28,14.88,10.05,15.00,257,0.055,5,0,2.827,7.219,2.554,,,,,,
El_Carmen,PCJ47,3,orange,whole,30.76,31.47,6.71,4.02,2.44,10.50,58,0.053,5,0,0.615,1.825,2.969,,,,,,
El_Carmen,PCJ47,4,orange,whole,38.90,44.60,9.43,6.50,2.87,16.25,82,0.060,5,0,0.984,1.882,1.913,,,,,,
El_Carmen,PCJ47,5,orange,whole,33.83,45.12,6.03,3.84,2.15,15.50,71,0.056,5,0,0.795,1.352,1.700,,,,,,
El_Carmen,PCJ49,1,orange,whole,32.78,38.89,9.84,5.56,4.28,12.75,116,0.049,5,0,1.137,3.142,2.764,,,,,,
El_Carmen,PCJ49,2,orange,whole,35.38,43.64,9.97,4.16,5.82,17.75,179,0.049,5,0,1.754,4.061,2.315,,,,,,
El_Carmen,PCJ49,3,orange,whole,33.86,43.03,12.20,6.66,5.54,11.75,132,0.058,5,0,1.531,4.013,2.621,,,,,,
El_Carmen,PCJ49,4,orange,whole,28.86,34.04,4.85,2.51,2.34,10.25,123,0.028,5,0,0.689,1.651,2.397,,,,,,
El_Carmen,PCJ49,5,orange,whole,33.99,41.68,12.68,6.44,6.25,10.25,133,0.059,5,0,1.569,4.677,2.980,,,,,,
El_Carmen,PCJ51,1,green_orange,whole,36.25,42.14,12.29,7.48,4.65,9.75,67,0.062,5,1,0.831,3.815,4.592,,,,,,
El_Carmen,PCJ51,2,green_orange,whole,42.05,44.70,24.60,9.08,15.00,17.75,222,0.055,5,0,2.442,12.561,5.144,,,,,,
El_Carmen,PCJ51,3,green,whole,48.55,57.06,37.69,15.23,22.18,14.00,291,0.060,5,0,3.492,18.687,5.351,,,,,,
El_Carmen,PCJ56,1,orange,whole,31.29,40.86,5.70,2.12,3.54,NA,247,0.042,5,0,2.075,1.463,0.705,,,,,,
El_Carmen,PCJ56,2,orange,whole,31.70,38.38,5.31,1.59,3.66,NA,237,0.042,5,0,1.991,1.670,0.839,,,,,,
El_Carmen,PCJ56,3,green,whole,27.05,37.64,NA,NA,NA,NA,NA,NA,NA,NA,NA,NA,NA,,,,,,
El_Carmen,PCJ56,4,orange,little_pecked,32.33,NA,NA,NA,NA,NA,NA,NA,NA,NA,NA,NA,NA,,,,,,
El_Carmen,PCJ63,1,green,whole,41.04,50.70,27.46,14.75,9.96,10.00,167,0.057,5,0,1.904,8.053,4.230,,,,,,
El_Carmen,PCJ63,2,green,whole,39.10,46.86,24.15,12.91,11.46,9.75,186,0.054,5,0,2.009,9.453,4.706,,,,,,
El_Carmen,PCJ66,1,green_orange,little_pecked,31.68,45.63,5.79,5.79,NA,NA,NA,NA,NA,0,NA,NA,NA,,,,,,
El_Rodeo,PCC10,1,orange,whole,41.03,35.98,19.28,9.07,8.79,14.00,261,0.042,5,0,2.192,6.602,3.011,,,,,,
El_Rodeo,PCC10,2,orange,whole,42.37,46.71,20.03,9.61,10.09,15.25,276,0.052,5,0,2.870,7.221,2.516,,,,,,
El_Rodeo,PCC10,3,orange,whole,39.98,47.05,19.85,11.45,8.21,16.75,202,0.055,5,0,2.222,5.989,2.695,,,,,,
El_Rodeo,PCC10,4,orange,whole,39.16,46.88,20.40,10.99,9.38,13.50,253,0.054,5,0,2.732,6.648,2.433,,,,,,
El_Rodeo,PCC10,5,orange,whole,40.74,48.90,16.42,8.37,7.93,16.75,267,0.053,5,0,2.830,5.103,1.803,,,,,,
El_Rodeo,PCC11,1,orange,whole,36.03,44.26,NA,NA,NA,NA,NA,NA,NA,NA,NA,NA,NA,,,,,,
El_Rodeo,PCC11,2,orange,whole,44.98,52.81,NA,NA,NA,NA,NA,NA,NA,NA,NA,NA,NA,,,,,,
El_Rodeo,PCC11,3,orange,whole,38.55,45.43,NA,NA,NA,NA,NA,NA,NA,NA,NA,NA,NA,,,,,,
El_Rodeo,PCC11,4,orange,whole,39.86,45.34,NA,NA,NA,NA,NA,NA,NA,NA,NA,NA,NA,,,,,,
El_Rodeo,PCC11,5,orange,whole,49.97,54.98,NA,NA,NA,NA,NA,NA,NA,NA,NA,NA,NA,,,,,,
El_Rodeo,PCC13,1,orange,whole,38.19,48.02,11.76,7.26,4.42,17.75,123,0.048,5,0,1.181,3.243,2.747,,,,,,
El_Rodeo,PCC13,2,orange,whole,31.78,41.66,7.95,5.67,2.15,5.00,104,0.018,5,1,0.374,1.777,4.745,,,,,,
El_Rodeo,PCC13,3,orange,whole,27.48,32.62,3.68,3.44,0.14,NA,NA,NA,5,0,NA,NA,NA,,,,,,
El_Rodeo,PCC13,4,orange,whole,25.72,36.10,7.38,5.68,1.54,5.25,87,0.042,5,1,0.731,0.805,1.102,,,,,,
El_Rodeo,PCC16,1,orange,whole,NA,NA,21.26,14.17,6.79,14.50,186,0.043,5,0,1.600,5.191,3.245,,,,,,
El_Rodeo,PCC16,2,orange,whole,NA,NA,22.66,14.59,7.83,15.25,234,0.048,5,0,2.246,5.582,2.485,,,,,,
El_Rodeo,PCC16B,1,orange,whole,NA,NA,7.67,5.39,2.18,13.50,90,0.053,5,0,0.954,1.224,1.283,,,,,,
El_Rodeo,PCC16B,2,orange,whole,NA,NA,2.81,2.13,0.56,NA,36,0.040,5,0,0.288,0.274,0.951,,,,,,
El_Rodeo,PCC16B,3,green,whole,NA,NA,12.62,7.77,4.65,5.00,88,0.053,5,0,0.933,3.717,3.985,,,,,,
El_Rodeo,PCC16B,4,green,whole,NA,NA,31.16,23.55,6.98,6.50,206,0.043,5,0,1.772,5.208,2.940,,,,,,
El_Rodeo,PCC16B,5,green,whole,NA,NA,20.00,12.23,7.31,9.50,153,0.053,5,0,1.622,5.685,3.505,,,,,,
El_Rodeo,PCC19,1,orange,little_pecked,71.56,90.78,10.33,9.06,0.93,14.25,27,0.054,5,0,0.292,0.642,2.203,,,,,,
El_Rodeo,PCC19,2,orange,whole,64.93,86.39,6.10,4.93,1.03,NA,NA,NA,NA,0,NA,NA,NA,,,,,,
El_Rodeo,PCC19,3,orange,little_pecked,68.27,87.44,3.65,2.59,1.01,NA,123,0.022,5,0,0.546,0.467,0.855,,,,,,
El_Rodeo,PCC19,4,green,whole,77.43,93.74,18.40,11.85,5.97,8.00,147,0.052,5,0,1.529,4.439,2.904,,,,,,
El_Rodeo,PCC19,5,orange,whole,69.45,78.13,NA,NA,NA,NA,NA,NA,NA,NA,NA,NA,NA,,,,,,
El_Rodeo,PCC2,1,orange,whole,43.66,63.66,32.08,16.18,15.02,10.75,213,0.070,5,0,2.982,12.034,4.036,,,,,,
El_Rodeo,PCC2,2,green,whole,32.02,36.13,13.75,8.60,5.05,8.50,NA,NA,NA,0,NA,NA,NA,,,,,,
El_Rodeo,PCC2,3,orange,highly_pecked,NA,NA,3.98,3.98,NA,NA,NA,NA,NA,0,NA,NA,NA,,,,,,
El_Rodeo,PCC20,1,orange,whole,40.99,45.71,20.47,7.76,12.12,6.50,298,0.043,5,0,2.563,9.558,3.730,,,,,,
El_Rodeo,PCC20,2,orange,little_pecked,25.79,39.27,6.26,5.09,0.86,9.75,23,0.038,5,0,0.175,0.684,3.914,,,,,,
El_Rodeo,PCC21,1,orange,whole,46.37,53.87,20.69,8.99,11.13,9.00,187,0.041,5,0,1.533,9.593,6.256,,,,,,
El_Rodeo,PCC21,2,orange,whole,42.06,55.11,23.85,11.91,11.33,16.75,279,0.041,5,0,2.288,9.045,3.954,,,,,,
El_Rodeo,PCC21,3,orange,whole,45.02,61.78,24.26,12.36,11.68,15.25,281,0.049,5,0,2.754,8.926,3.241,,,,,,
El_Rodeo,PCC21,4,orange,whole,45.34,59.51,23.95,12.16,11.05,16.25,303,0.045,5,0,2.727,8.319,3.051,,,,,,
El_Rodeo,PCC21,5,orange,whole,45.42,59.35,25.15,13.81,11.31,14.25,302,0.045,5,0,2.718,8.588,3.160,,,,,,
El_Rodeo,PCC22,1,orange,whole,33.65,37.21,9.79,6.99,2.63,17.50,65,0.050,5,0,0.650,1.983,3.051,,,,,,
El_Rodeo,PCC22,2,green,whole,28.30,35.63,10.78,7.48,3.03,11.25,46,0.057,5,0,0.524,2.509,4.784,,,,,,
El_Rodeo,PCC22,3,orange,highly_pecked,46.44,NA,11.30,11.04,0.26,NA,4,NA,NA,0,NA,NA,NA,,,,,,
El_Rodeo,PCC23,1,orange,whole,37.80,46.63,40.34,24.43,15.51,16.75,290,0.056,5,0,3.248,12.258,3.774,,,,,,
El_Rodeo,PCC23,2,green_orange,whole,52.55,54.71,47.94,26.46,15.42,14.50,278,0.059,5,0,3.280,12.141,3.701,,,,,,
El_Rodeo,PCC23,3,green,whole,52.02,56.60,49.55,34.49,12.22,9.00,213,0.063,5,0,2.684,9.539,3.554,,,,,,
El_Rodeo,PCC24,1,orange,whole,40.79,47.10,NA,NA,NA,NA,NA,NA,NA,NA,NA,NA,NA,,,,,,
El_Rodeo,PCC24,2,orange,whole,39.47,44.96,NA,NA,NA,NA,NA,NA,NA,NA,NA,NA,NA,,,,,,
El_Rodeo,PCC24,3,orange,whole,32.62,40.54,NA,NA,NA,NA,NA,NA,NA,NA,NA,NA,NA,,,,,,
El_Rodeo,PCC24,4,orange,whole,38.72,48.52,NA,NA,NA,NA,NA,NA,NA,NA,NA,NA,NA,,,,,,
El_Rodeo,PCC24,5,orange,whole,40.85,49.31,NA,NA,NA,NA,NA,NA,NA,NA,NA,NA,NA,,,,,,
El_Rodeo,PCC26,1,orange,whole,48.98,51.66,34.30,18.92,14.75,9.25,253,0.060,5,0,3.036,11.709,3.857,,,,,,
El_Rodeo,PCC26,2,orange,whole,33.00,37.30,6.92,5.81,0.89,6.25,41,0.030,5,0,0.246,0.641,2.606,,,,,,
El_Rodeo,PCC26,3,green,whole,45.12,54.15,31.48,16.31,14.38,10.75,242,0.052,5,0,2.517,11.867,4.715,,,,,,
El_Rodeo,PCC26,4,green,whole,45.79,57.39,35.84,16.50,16.91,8.75,291,0.051,5,0,2.968,13.941,4.697,,,,,,
El_Rodeo,PCC27,1,orange,whole,50.70,59.00,18.51,7.69,10.75,15.00,262,0.045,5,0,2.358,8.388,3.557,,,,,,
El_Rodeo,PCC27,2,orange,whole,52.73,56.23,17.02,7.99,8.41,14.50,76,0.056,5,0,0.851,7.554,8.874,,,,,,
El_Rodeo,PCC27,3,orange,whole,48.40,51.72,10.49,5.04,5.25,16.25,114,0.055,5,0,1.254,3.993,3.184,,,,,,
El_Rodeo,PCC3,1,orange,whole,50.24,54.51,27.10,15.66,11.45,13.00,297,0.054,5,0,3.208,8.244,2.570,,,,,,
El_Rodeo,PCC3,2,orange,whole,48.36,50.66,23.07,14.63,7.78,12.00,163,0.052,5,0,1.695,6.085,3.589,,,,,,
El_Rodeo,PCC3,3,orange,whole,44.14,43.88,22.58,13.36,8.31,11.75,146,0.050,5,0,1.460,6.849,4.691,,,,,,
El_Rodeo,PCC3,4,green,whole,36.42,44.16,22.13,12.65,8.43,7.75,170,0.043,5,0,1.462,6.970,4.767,,,,,,
El_Rodeo,PCC3,5,green,whole,37.50,45.51,21.73,10.46,10.98,8.00,190,0.049,5,0,1.862,9.119,4.897,,,,,,
El_Rodeo,PC32,1,orange,whole,43.45,50.78,NA,NA,NA,NA,NA,NA,NA,NA,NA,NA,NA,,,,,,
El_Rodeo,PC32,2,orange,whole,45.64,48.48,NA,NA,NA,NA,NA,NA,NA,NA,NA,NA,NA,,,,,,
El_Rodeo,PC32,3,orange,whole,37.98,42.93,NA,NA,NA,NA,NA,NA,NA,NA,NA,NA,NA,,,,,,
El_Rodeo,PC32,4,orange,whole,43.00,51.15,NA,NA,NA,NA,NA,NA,NA,NA,NA,NA,NA,,,,,,
El_Rodeo,PC32,5,orange,whole,46.79,50.74,NA,NA,NA,NA,NA,NA,NA,NA,NA,NA,NA,,,,,,
El_Rodeo,PCC34,1,orange,whole,NA,NA,18.98,11.31,7.68,12.50,168,0.053,5,0,1.781,5.901,3.314,,,,,,
El_Rodeo,PCC34,2,orange,whole,NA,NA,14.22,9.09,5.04,8.00,129,0.043,5,0,1.109,3.933,3.545,,,,,,
El_Rodeo,PCC34,3,orange,whole,NA,NA,16.07,10.66,4.60,9.75,126,0.047,5,0,1.184,3.416,2.884,,,,,,
El_Rodeo,PCC34,4,green_orange,whole,NA,NA,21.68,13.33,8.32,12.00,144,0.056,5,0,1.613,6.707,4.159,,,,,,
El_Rodeo,PCC34,5,green,whole,NA,NA,22.46,15.31,6.96,7.00,137,0.044,5,0,1.206,5.758,4.776,,,,,,
El_Rodeo,PC35,1,orange,whole,30.29,35.70,NA,NA,NA,NA,NA,NA,NA,NA,NA,NA,NA,,,,,,
El_Rodeo,PC35,2,orange,whole,37.74,46.12,NA,NA,NA,NA,NA,NA,NA,NA,NA,NA,NA,,,,,,
El_Rodeo,PC35,3,orange,whole,41.61,50.69,NA,NA,NA,NA,NA,NA,NA,NA,NA,NA,NA,,,,,,
El_Rodeo,PC35,4,orange,whole,44.41,49.98,NA,NA,NA,NA,NA,NA,NA,NA,NA,NA,NA,,,,,,
El_Rodeo,PC35,5,orange,whole,48.33,55.05,NA,NA,NA,NA,NA,NA,NA,NA,NA,NA,NA,,,,,,
El_Rodeo,PC36,1,orange,whole,40.80,53.28,NA,NA,NA,NA,NA,NA,NA,NA,NA,NA,NA,,,,,,
El_Rodeo,PCC37,1,orange,little_pecked,37.32,49.41,6.67,4.52,2.03,NA,134,0.023,5,0,0.616,1.411,2.288,,,,,,
El_Rodeo,PCC37,2,orange,little_pecked,29.46,46.93,2.70,2.26,NA,NA,NA,NA,NA,0,NA,NA,NA,,,,,,
El_Rodeo,PCC37,3,orange,highly_pecked,46.22,59.92,12.11,11.61,0.42,8.25,12,0.047,5,1,0.113,0.307,2.723,,,,,,
El_Rodeo,PCC4,1,orange,whole,36.19,43.26,17.01,10.45,6.41,17.00,159,0.052,5,0,1.654,4.752,2.874,,,,,,
El_Rodeo,PCC4,2,green,whole,43.12,48.86,29.11,17.30,10.92,8.75,208,0.053,5,0,2.205,8.712,3.951,,,,,,
El_Rodeo,PCC4,3,orange,whole,41.55,47.55,22.82,15.28,7.02,11.50,151,0.055,5,0,1.661,5.362,3.228,,,,,,
El_Rodeo,PCC44,1,orange,whole,16.53,18.82,9.00,4.05,4.86,18.75,178,0.048,5,0,1.709,3.152,1.845,,,,,,
El_Rodeo,PCC44,2,orange,whole,18.42,24.86,14.42,7.41,6.84,10.00,216,0.050,5,0,2.160,4.681,2.167,,,,,,
El_Rodeo,PCC44,3,orange,whole,14.24,20.77,8.94,5.56,3.30,13.25,154,0.046,5,0,1.417,1.887,1.332,,,,,,
El_Rodeo,PCC45,1,orange,whole,34.64,41.34,14.82,7.60,6.63,14.50,113,0.055,5,0,1.243,5.387,4.334,,,,,,
El_Rodeo,PCC45,2,orange,whole,22.65,30.51,4.05,3.42,0.44,NA,4,NA,NA,0,NA,NA,NA,,,,,,
El_Rodeo,PCC45,3,green,whole,36.01,41.68,16.53,9.01,6.85,9.25,78,0.056,5,0,0.874,5.978,6.843,,,,,,
El_Rodeo,PCC45,4,green,whole,27.26,37.34,10.57,7.19,2.85,9.50,79,0.046,5,0,0.727,2.126,2.925,,,,,,
El_Rodeo,PCC45,5,orange,little_pecked,40.09,NA,11.78,8.76,2.73,14.00,72,0.053,5,0,0.763,1.965,2.574,,,,,,
El_Rodeo,PCC46,1,orange,whole,35.27,42.36,10.89,6.42,4.39,15.75,90,0.052,5,0,0.936,3.451,3.687,,,,,,
El_Rodeo,PCC46,2,green_orange,whole,32.23,37.93,8.05,3.64,4.34,10.00,121,0.041,5,0,0.992,3.349,3.375,,,,,,
El_Rodeo,PCC46,3,green,whole,42.54,54.65,34.58,15.23,13.65,8.75,256,0.046,5,0,2.355,11.299,4.797,,,,,,
El_Rodeo,PCC46,4,orange,whole,27.95,40.15,4.39,2.65,1.62,NA,NA,NA,NA,0,NA,NA,NA,,,,,,
El_Rodeo,PCC46,5,orange,whole,26.97,39.20,4.65,3.71,0.76,NA,NA,NA,NA,0,NA,NA,NA,,,,,,
El_Rodeo,PCC47,1,orange,whole,21.72,25.43,30.16,18.55,11.11,11.00,202,0.060,5,0,2.424,8.690,3.585,,,,,,
El_Rodeo,PCC47,2,green,whole,18.84,22.44,18.44,13.42,4.64,8.50,126,0.070,5,0,1.764,2.874,1.629,,,,,,
El_Rodeo,PCC57,1,orange,whole,NA,NA,15.07,9.54,5.29,5.50,122,0.053,5,0,1.293,3.994,3.088,,,,,,
El_Rodeo,PCC57,2,orange,whole,NA,NA,5.40,3.99,1.29,14.25,27,0.048,5,0,0.259,1.031,3.977,,,,,,
El_Rodeo,PCC6,1,orange,whole,34.37,41.56,11.33,7.00,4.17,15.50,182,0.046,5,0,1.674,2.497,1.491,,,,,,
El_Rodeo,PCC6,2,orange,whole,41.34,46.96,16.07,8.81,6.66,4.00,278,0.036,5,0,2.002,4.655,2.326,,,,,,
El_Rodeo,PCC6,3,orange,whole,40.22,48.85,13.91,7.47,6.27,18.25,249,0.049,5,0,2.440,3.834,1.571,,,,,,
El_Rodeo,PCC6,4,orange,whole,38.19,40.71,12.69,6.49,5.83,7.00,242,0.040,5,0,1.936,3.893,2.011,,,,,,
El_Rodeo,PCC6,5,orange,whole,34.85,40.93,8.43,6.22,1.98,4.00,101,0.033,5,0,0.667,1.308,1.963,,,,,,
El_Rodeo,PCC62,1,orange,little_pecked,NA,NA,17.82,9.40,8.38,16.25,220,0.060,5,1,2.640,5.736,2.173,,,,,,
El_Rodeo,PCC62,2,orange,whole,NA,NA,21.40,10.35,11.24,NA,276,0.062,5,1,3.422,7.817,2.284,,,,,,
El_Rodeo,PCC62,3,orange,whole,NA,NA,4.32,2.25,2.01,NA,231,0.032,5,0,1.478,0.536,0.362,,,,,,
El_Rodeo,PCC64,1,orange,little_pecked,NA,NA,16.11,9.70,6.09,13.75,104,0.052,5,0,1.082,5.012,4.634,,,,,,
El_Rodeo,PCC64,2,green,whole,NA,NA,26.57,17.63,8.14,7.50,221,0.055,5,0,2.431,5.704,2.346,,,,,,
El_Rodeo,PCC64,3,green,whole,NA,NA,25.44,15.97,7.68,8.00,211,0.054,5,0,2.279,5.399,2.369,,,,,,
El_Rodeo,PCC64,4,green_orange,whole,NA,NA,8.92,5.45,3.05,5.50,90,0.053,5,0,0.954,2.096,2.197,,,,,,
El_Rodeo,PCC66,1,orange,whole,NA,NA,6.58,3.47,2.92,NA,NA,NA,NA,1,NA,NA,NA,,,,,,
El_Rodeo,PCC66,2,orange,whole,NA,NA,24.50,14.09,10.66,17.50,242,0.051,5,1,2.468,8.187,3.317,,,,,,
El_Rodeo,PCC66,3,orange,whole,NA,NA,24.36,14.09,9.98,9.25,172,0.049,5,1,1.686,8.292,4.920,,,,,,
El_Rodeo,PCC66,4,orange,little_pecked,NA,NA,11.74,8.01,3.49,11.50,56,0.052,5,1,0.582,2.911,4.998,,,,,,
El_Rodeo,PCC7,1,orange,whole,50.93,60.34,23.09,12.17,10.75,13.25,264,0.050,5,0,2.640,8.112,3.073,,,,,,
El_Rodeo,PCC7,2,orange,whole,44.62,60.48,17.07,8.55,8.25,9.00,186,0.047,5,0,1.748,6.502,3.719,,,,,,
El_Rodeo,PCC7,3,green_orange,whole,44.14,58.47,24.35,10.21,13.06,11.25,248,0.051,5,0,2.530,10.525,4.161,,,,,,
El_Rodeo,PCC7,4,orange,whole,46.32,55.40,11.70,6.81,4.83,13.75,138,0.054,5,0,1.490,3.340,2.241,,,,,,
El_Rodeo,PCC7,5,orange,whole,47.25,56.79,18.32,9.05,8.25,12.00,181,0.056,5,0,2.027,6.224,3.070,,,,,,
El_Rodeo,PCC70,1,orange,highly_pecked,NA,NA,1.57,NA,NA,NA,NA,NA,NA,0,NA,NA,NA,,,,,,
El_Rodeo,PCC70,2,orange,highly_pecked,NA,NA,1.22,NA,NA,NA,NA,NA,NA,0,NA,NA,NA,,,,,,
El_Rodeo,PCC70,3,orange,highly_pecked,NA,NA,5.62,NA,NA,NA,NA,NA,NA,0,NA,NA,NA,,,,,,
El_Rodeo,PCC72,1,green_orange,whole,NA,NA,8.32,5.88,2.42,7.25,NA,NA,NA,0,NA,NA,NA,,,,,,
El_Rodeo,PCC72,2,green,whole,NA,NA,11.25,7.76,3.18,6.50,NA,NA,NA,0,NA,NA,NA,,,,,,
El_Rodeo,PCC72,3,green,whole,NA,NA,12.29,9.93,1.76,6.75,NA,NA,NA,0,NA,NA,NA,,,,,,
El_Rodeo,PCC72,4,green,whole,NA,NA,33.13,19.72,12.54,9.00,264,0.049,5,0,2.587,9.953,3.847,,,,,,
El_Rodeo,PCC72,5,green_orange,whole,NA,NA,8.85,5.72,2.68,7.00,NA,NA,NA,0,NA,NA,NA,,,,,,
El_Rodeo,PCC8,1,orange,whole,NA,NA,10.03,7.54,2.87,17.00,51,0.091,5,0,0.928,1.941,2.091,,,,,,
El_Rodeo,PCC8,2,orange,whole,NA,NA,6.40,3.91,2.23,NA,3,NA,NA,1,NA,NA,NA,,,,,,
El_Rodeo,PCC8,3,green,whole,NA,NA,12.82,5.52,6.88,7.25,103,0.060,5,0,1.236,5.639,4.562,,,,,,
El_Rodeo,PCC9,1,orange,whole,NA,NA,11.50,6.16,5.77,6.00,220,0.031,5,0,1.364,4.403,3.228,,,,,,
El_Rodeo,PCC9,2,orange,whole,NA,NA,4.49,3.11,1.01,8.00,52,0.027,5,0,0.281,0.728,2.593,,,,,,
El_Rodeo,PCC9,3,orange,whole,NA,NA,4.53,2.73,1.75,16.25,88,0.036,5,0,0.634,1.118,1.765,,,,,,
La_Paz,LZ12,1,orange,little_pecked,30.74,NA,2.37,2.37,NA,NA,NA,NA,NA,0,NA,NA,NA,,,,,,
La_Paz,LZ12,2,orange,little_pecked,31.94,NA,3.08,3.08,NA,NA,NA,NA,NA,0,NA,NA,NA,,,,,,
La_Paz,LZ12,3,orange,little_pecked,31.23,NA,2.50,2.50,NA,NA,NA,NA,NA,0,NA,NA,NA,,,,,,
La_Paz,LZ12,4,orange,little_pecked,30.48,NA,1.75,1.75,NA,NA,NA,NA,NA,0,NA,NA,NA,,,,,,
La_Paz,LZ13,1,orange,highly_pecked,48.52,NA,4.59,4.59,NA,NA,NA,NA,NA,0,NA,NA,NA,,,,,,
La_Paz,LZ13,2,orange,highly_pecked,48.91,46.78,9.58,9.58,NA,NA,NA,NA,NA,0,NA,NA,NA,,,,,,
La_Paz,LZ14,1,orange,highly_pecked,36.90,NA,4.25,4.25,NA,NA,NA,NA,NA,0,NA,NA,NA,,,,,,
La_Paz,LZ14,2,orange,highly_pecked,33.12,31.00,2.14,2.14,NA,NA,NA,NA,NA,0,NA,NA,NA,,,,,,
La_Paz,LZ15,1,orange,little_pecked,35.52,NA,3.71,3.71,NA,NA,NA,NA,NA,0,NA,NA,NA,,,,,,
La_Paz,LZ15,2,orange,little_pecked,43.50,NA,7.54,7.54,NA,NA,NA,NA,NA,0,NA,NA,NA,,,,,,
La_Paz,LZ15,3,orange,highly_pecked,39.92,NA,3.76,3.76,NA,NA,NA,NA,NA,0,NA,NA,NA,,,,,,
La_Paz,LZ15,4,orange,highly_pecked,41.11,NA,5.95,5.95,NA,NA,NA,NA,NA,0,NA,NA,NA,,,,,,
La_Paz,LZ16,1,orange,little_pecked,28.93,37.07,6.85,3.33,3.45,17.50,126,0.033,5,0,0.832,2.615,3.145,,,,,,
La_Paz,LZ16,2,orange,highly_pecked,31.82,NA,3.45,3.45,NA,NA,NA,NA,NA,0,NA,NA,NA,,,,,,
La_Paz,LZ16,3,orange,highly_pecked,32.80,NA,1.63,1.63,NA,NA,NA,NA,NA,0,NA,NA,NA,,,,,,
La_Paz,LZ17,1,orange,little_pecked,36.00,39.42,17.02,9.60,6.88,8.25,309,0.039,5,0,2.410,4.469,1.854,,,,,,
La_Paz,LZ18,1,orange,little_pecked,26.56,32.18,0.54,0.54,NA,NA,NA,NA,NA,0,NA,NA,NA,,,,,,
La_Paz,LZ18,2,orange,little_pecked,25.33,NA,1.03,0.91,0.11,NA,14,0.020,5,0,0.056,0.053,0.946,,,,,,
La_Paz,LZ19,1,orange,highly_pecked,22.55,26.45,1.29,0.97,0.30,NA,25,0.030,5,0,0.150,0.151,1.007,,,,,,
La_Paz,LZ19,2,orange,highly_pecked,26.41,NA,0.64,0.64,NA,NA,NA,NA,NA,0,NA,NA,NA,,,,,,
La_Paz,LZ20,1,orange,highly_pecked,30.15,NA,1.64,1.64,NA,NA,NA,NA,NA,0,NA,NA,NA,,,,,,
La_Paz,LZ21,1,orange,highly_pecked,14.87,NA,0.98,0.98,NA,NA,NA,NA,NA,0,NA,NA,NA,,,,,,
La_Paz,LZ22,1,orange,little_pecked,27.13,32.02,2.45,2.45,NA,NA,NA,NA,NA,0,NA,NA,NA,,,,,,
La_Paz,LZ3,1,orange,whole,40.19,51.23,26.92,14.96,11.64,8.00,336,0.053,5,0,3.562,8.074,2.267,,,,,,
La_Paz,LZ3,2,orange,little_pecked,42.32,46.78,12.93,12.93,NA,NA,NA,NA,NA,0,NA,NA,NA,,,,,,
La_Paz,LZ3,3,orange,whole,42.50,37.70,20.53,11.36,8.41,14.00,63,0.049,5,0,0.617,7.794,12.623,,,,,,
La_Paz,LZ3,4,orange,little_pecked,49.71,49.37,15.45,15.45,NA,NA,3,NA,NA,0,NA,NA,NA,,,,,,
La_Paz,LZ3,5,orange,little_pecked,41.60,47.41,13.17,13.17,NA,NA,NA,NA,NA,0,NA,NA,NA,,,,,,
La_Paz,LZ4,1,green,whole,38.42,42.48,14.62,10.82,3.53,9.25,98,0.042,5,0,0.823,2.705,3.286,,,,,,
La_Paz,LZ4,2,green,whole,28.68,32.41,5.21,4.80,NA,NA,7,0.045,5,0,0.063,NA,NA,,,,,,
La_Paz,LZ6,1,green,whole,39.21,38.30,19.48,6.92,11.83,8.25,248,0.037,5,0,1.835,9.991,5.444,,,,,,
La_Paz,LZ6,2,green,whole,31.54,41.05,12.17,6.73,3.84,7.25,318,0.036,5,0,2.290,1.550,0.677,,,,,,
La_Paz,LZ6,3,green,whole,35.22,29.37,16.79,7.98,5.55,6.00,219,0.041,5,0,1.796,3.752,2.089,,,,,,
La_Paz,LZ6,4,orange,little_pecked,29.77,NA,2.20,2.20,NA,NA,NA,NA,NA,0,NA,NA,NA,,,,,,
La_Paz,LZ7,1,green,whole,37.72,45.78,18.91,13.77,4.53,5.00,156,0.041,5,1,1.279,3.247,2.538,,,,,,
La_Paz,LZ7,2,orange,whole,37.47,45.60,17.55,12.49,4.26,9.50,139,0.040,5,2,1.112,3.149,2.832,,,,,,
La_Paz,LZ7,3,green_orange,whole,40.09,49.80,19.73,16.17,3.22,5.75,161,0.045,5,3,1.449,1.771,1.222,,,,,,
La_Paz,LZ7,4,green,whole,36.37,43.81,18.93,12.73,5.51,6.50,157,0.045,5,0,1.413,4.097,2.900,,,,,,
La_Paz,LZ7,5,orange,little_pecked,17.21,26.39,1.74,1.65,NA,NA,NA,NA,NA,1,NA,NA,NA,,,,,,
La_Paz,LZ8,1,orange,highly_pecked,40.30,43.37,5.61,5.22,0.34,NA,22,0.035,5,1,0.154,0.190,1.234,,,,,,
La_Paz,LZ8,2,orange,highly_pecked,34.13,44.70,4.40,4.40,NA,NA,NA,NA,NA,0,NA,NA,NA,,,,,,
La_Paz,LZ8,3,orange,highly_pecked,31.15,36.30,2.76,2.76,NA,NA,NA,NA,NA,0,NA,NA,NA,,,,,,
La_Paz,LZ9,1,green,whole,31.80,41.10,12.52,8.97,3.22,8.75,54,0.052,5,0,0.562,2.661,4.739,,,,,,
La_Paz,LZ9,2,green,whole,39.32,54.59,26.64,11.45,14.49,11.50,318,0.046,5,0,2.926,11.561,3.952,,,,,,
La_Paz,LZ9,3,green_orange,whole,35.70,49.75,17.70,9.22,8.25,15.50,157,0.052,5,0,1.633,6.615,4.051,,,,,,
La_Plata,LP02,1,orange,whole,28.01,31.28,7.10,3.63,3.26,15.00,70,0.042,5,0,0.588,2.667,4.536,,,,,,
La_Plata,LP02,2,orange,whole,29.42,37.17,8.65,3.99,4.55,14.50,103,0.037,5,0,0.762,3.789,4.971,,,,,,
La_Plata,LP02,3,orange,whole,33.51,42.41,10.21,5.21,4.76,15.25,162,0.038,5,0,1.231,3.526,2.864,,,,,,
La_Plata,LP02,4,orange,whole,32.11,39.83,9.73,2.78,6.85,13.75,159,0.033,5,0,1.049,5.805,5.531,,,,,,
La_Plata,LP02,5,orange,whole,34.63,43.33,10.24,4.98,5.00,16.50,201,0.036,5,0,1.447,3.553,2.455,,,,,,
La_Plata,LP03,1,orange,whole,37.76,39.80,11.06,6.67,4.34,19.75,134,0.039,5,0,1.045,3.293,3.150,,,,,,
La_Plata,LP03,2,orange,whole,28.33,34.22,6.56,4.01,2.41,19.00,79,0.040,5,0,0.632,1.773,2.805,,,,,,
La_Plata,LP03,3,orange,whole,28.39,32.93,7.69,4.47,3.16,19.50,107,0.041,5,0,0.877,2.281,2.599,,,,,,
La_Plata,LP03,4,orange,whole,23.95,27.91,4.20,2.79,1.36,20.00,49,0.039,5,0,0.382,0.979,2.561,,,,,,
La_Plata,LP03,5,orange,whole,22.34,27.18,3.24,2.28,0.93,19.50,33,0.040,5,0,0.264,0.661,2.504,,,,,,
La_Plata,LP04,1,orange,whole,32.24,43.18,11.90,11.90,4.75,6.00,172,0.048,5,0,1.651,3.103,1.879,,,,,,
La_Plata,LP04,2,orange,whole,31.57,42.91,8.70,5.28,3.32,20.50,69,0.050,5,0,0.690,2.630,3.812,,,,,,
La_Plata,LP04,3,orange,whole,28.85,39.61,10.52,5.48,4.77,6.00,196,0.044,5,0,1.725,3.049,1.768,,,,,,
La_Plata,LP04,4,orange,whole,40.47,53.31,16.51,8.71,7.55,16.50,281,0.041,5,0,2.304,5.241,2.274,,,,,,
La_Plata,LP04,5,orange,whole,40.09,51.38,16.62,8.91,7.74,14.75,286,0.040,5,0,2.288,5.451,2.382,,,,,,
La_Plata,LP11,1,green_orange,whole,29.37,42.45,11.46,4.78,6.30,6.75,183,0.043,5,0,1.574,4.727,3.004,,,,,,
La_Plata,LP11,2,orange,whole,36.13,47.56,14.59,6.76,7.67,17.50,167,0.047,5,0,1.570,6.104,3.889,,,,,,
La_Plata,LP11,3,green,whole,37.43,51.15,21.10,7.99,12.78,14.50,296,0.040,5,0,2.368,10.408,4.395,,,,,,
La_Plata,LP12,1,green,whole,35.68,44.68,19.91,8.52,10.80,15.75,204,0.045,5,0,1.836,8.961,4.881,,,,,,
La_Plata,LP12,2,green,whole,34.26,48.22,18.18,8.66,8.93,14.50,192,0.042,5,0,1.613,7.312,4.534,,,,,,
La_Plata,LP12,3,orange,little_pecked,30.97,NA,6.98,5.79,1.11,18.25,23,0.045,5,0,0.207,0.898,4.338,,,,,,
La_Plata,LP12,4,orange,highly_pecked,27.18,NA,1.36,1.36,NA,NA,1,NA,NA,0,NA,NA,NA,,,,,,
La_Plata,LP15,1,orange,whole,39.56,42.17,25.38,13.52,11.43,10.50,203,0.038,5,0,1.543,9.883,6.406,,,,,,
La_Plata,LP15,2,orange,whole,28.92,32.72,9.22,5.48,3.42,11.75,56,0.038,5,0,0.426,2.990,7.026,,,,,,
La_Plata,LP15,3,orange,whole,37.99,40.93,20.81,11.10,9.40,10.25,117,0.045,5,0,1.053,8.345,7.925,,,,,,
La_Plata,LP16,1,orange,whole,34.73,44.45,11.83,7.00,4.73,17.75,90,0.048,5,0,0.864,3.869,4.478,,,,,,
La_Plata,LP16,2,orange,whole,34.25,42.35,9.99,5.39,4.50,20.00,101,0.045,5,0,0.909,3.586,3.945,,,,,,
La_Plata,LP16,3,orange,whole,31.51,37.64,8.55,5.20,3.29,18.75,74,0.052,5,0,0.770,2.524,3.280,,,,,,
La_Plata,LP16,4,orange,whole,33.08,38.04,10.23,6.54,3.56,17.75,74,0.053,5,0,0.784,2.777,3.540,,,,,,
La_Plata,LP16,5,orange,whole,31.84,35.10,5.42,3.39,1.99,19.50,52,0.051,5,0,0.530,1.464,2.759,,,,,,
La_Plata,LP17,1,orange,whole,31.93,42.08,16.87,7.35,9.21,16.00,248,0.036,5,0,1.786,7.422,4.157,,,,,,
La_Plata,LP17,2,orange,whole,31.05,41.77,14.29,6.60,7.18,16.75,181,0.034,5,0,1.231,5.953,4.837,,,,,,
La_Plata,LP17,3,orange,whole,27.77,36.51,11.40,4.90,6.00,17.00,159,0.039,5,0,1.240,4.763,3.840,,,,,,
La_Plata,LP19,1,orange,whole,32.89,36.50,7.11,5.01,1.99,17.25,35,0.044,5,0,0.308,1.684,5.468,,,,,,
La_Plata,LP19,2,green_orange,whole,35.49,41.98,12.38,8.36,3.90,15.75,100,0.048,5,0,0.960,2.936,3.058,,,,,,
La_Plata,LP25,1,green_orange,whole,34.01,39.57,10.74,5.39,5.25,21.25,127,0.035,5,0,0.889,4.364,4.909,,,,,,
La_Plata,LP25,2,orange,whole,26.19,34.97,3.96,1.96,1.97,13.00,148,0.036,5,0,1.066,0.907,0.852,,,,,,
La_Plata,LP25,3,orange,whole,34.47,40.74,12.53,5.54,6.69,20.50,194,0.033,5,0,1.280,5.412,4.226,,,,,,
La_Plata,LP25,4,orange,whole,27.17,34.98,6.64,2.99,3.56,22.00,87,0.037,5,0,0.644,2.918,4.533,,,,,,
La_Plata,LP25,5,orange,little_pecked,28.78,30.73,2.08,0.91,1.14,12.00,118,0.022,5,0,0.519,0.623,1.200,,,,,,
La_Plata,LP26,1,orange,whole,30.56,41.32,8.44,4.44,3.95,22.25,95,0.042,5,0,0.798,3.150,3.947,,,,,,
La_Plata,LP26,2,orange,whole,28.64,41.45,8.02,3.80,4.19,23.25,114,0.043,5,0,0.980,3.214,3.278,,,,,,
La_Plata,LP26,3,orange,whole,21.16,29.24,3.48,1.78,1.67,23.50,41,0.045,5,0,0.369,1.300,3.523,,,,,,
La_Plata,LP26,4,orange,whole,24.97,36.32,5.35,2.98,2.33,23.25,63,0.042,5,0,0.529,1.796,3.393,,,,,,
La_Plata,LP26,5,orange,whole,25.48,33.85,5.56,2.99,2.55,22.50,56,0.049,5,0,0.549,1.997,3.639,,,,,,
La_Plata,LP27,1,orange,whole,35.77,40.53,8.57,4.66,3.86,9.00,103,0.045,5,0,0.927,2.933,3.164,,,,,,
La_Plata,LP27,2,orange,little_pecked,35.55,43.95,15.72,7.63,8.05,17.00,251,0.039,5,0,1.958,6.095,3.113,,,,,,
La_Plata,LP27,3,orange,whole,26.49,30.22,5.13,3.34,1.68,13.50,58,0.041,5,1,0.476,1.199,2.522,,,,,,
La_Plata,LP27,4,orange,whole,32.92,38.36,12.35,5.81,6.37,18.00,174,0.030,5,0,1.044,5.325,5.101,,,,,,
La_Plata,LP27,5,orange,whole,33.04,38.00,12.19,5.62,6.27,19.25,168,0.041,5,0,1.378,4.894,3.553,,,,,,
La_Plata,LP28,1,orange,whole,28.86,41.24,5.56,3.34,2.17,21.75,44,0.044,5,0,0.387,1.778,4.591,,,,,,
La_Plata,LP28,2,orange,whole,21.89,29.09,3.16,1.62,1.46,19.50,36,0.043,5,0,0.310,1.153,3.725,,,,,,
La_Plata,LP28,3,orange,whole,26.63,39.88,6.64,3.44,3.13,20.75,63,0.051,5,0,0.643,2.489,3.874,,,,,,
La_Plata,LP28,4,green,whole,33.83,52.04,14.76,10.25,4.28,8.00,115,0.035,5,0,0.805,3.475,4.317,,,,,,
La_Plata,LP28,5,green,whole,30.40,45.99,12.53,6.39,5.52,8.50,93,0.045,5,0,0.837,4.680,5.591,,,,,,
La_Plata,LP29,1,orange,whole,44.31,53.81,18.07,11.78,6.22,21.25,126,0.050,5,0,1.260,4.956,3.933,,,,,,
La_Plata,LP29,2,orange,whole,37.57,47.53,15.96,10.10,5.61,19.00,147,0.042,5,0,1.235,4.373,3.542,,,,,,
La_Plata,LP29,3,orange,whole,36.23,49.16,12.06,8.51,3.43,21.50,68,0.051,5,0,0.694,2.738,3.948,,,,,,
La_Plata,LP29,4,orange,little_pecked,27.82,35.24,2.63,2.44,0.18,NA,9,0.043,5,1,0.077,0.103,1.326,,,,,,
La_Plata,LP29,5,orange,little_pecked,39.56,53.01,10.33,6.45,3.76,19.50,115,0.045,5,0,1.035,2.722,2.630,,,,,,
La_Plata,LP30,1,orange,whole,39.69,54.81,20.33,9.83,10.17,17.75,238,0.048,5,0,2.285,7.880,3.449,,,,,,
La_Plata,LP30,2,orange,whole,29.99,45.09,11.81,6.25,5.24,5.25,191,0.042,5,0,1.604,3.633,2.264,,,,,,
La_Plata,LP30,3,orange,whole,29.07,39.56,4.84,2.44,2.20,6.50,94,0.040,5,0,0.752,1.447,1.924,,,,,,
La_Plata,LP30,4,orange,whole,32.09,42.44,9.84,6.60,2.90,15.25,59,0.049,5,0,0.578,2.321,4.014,,,,,,
La_Plata,LP30,5,green,whole,24.34,32.33,3.17,1.47,1.68,22.00,62,0.042,5,0,0.521,1.158,2.224,,,,,,
La_Plata,LP31,1,orange,whole,29.18,40.54,10.01,5.46,4.44,16.75,107,0.046,5,0,0.984,3.460,3.514,,,,,,
La_Plata,LP31,2,orange,whole,34.28,42.41,14.70,6.65,7.63,15.50,192,0.043,5,0,1.651,5.983,3.623,,,,,,
La_Plata,LP31,3,orange,whole,32.56,36.50,8.43,3.60,4.68,19.75,147,0.044,5,0,1.294,3.389,2.620,,,,,,
La_Plata,LP31,4,orange,whole,23.10,31.44,3.94,2.13,1.78,16.00,47,0.052,5,0,0.489,1.295,2.650,,,,,,
La_Plata,LP31,5,green_orange,whole,27.51,38.03,7.52,3.96,3.37,10.50,88,0.048,5,0,0.845,2.523,2.987,,,,,,
La_Plata,LP32,1,orange,whole,40.57,45.81,22.14,12.29,9.50,16.50,161,0.048,5,0,1.546,7.958,5.149,,,,,,
La_Plata,LP32,2,orange,whole,40.17,47.27,23.64,13.12,10.23,16.25,184,0.050,5,0,1.840,8.393,4.561,,,,,,
La_Plata,LP32,3,orange,whole,39.79,42.14,21.73,10.00,11.35,16.75,209,0.050,5,0,2.090,9.259,4.430,,,,,,
La_Plata,LP32,4,orange,whole,40.52,48.62,23.57,12.42,10.81,16.25,184,0.052,5,0,1.914,8.892,4.647,,,,,,
La_Plata,LP32,5,orange,whole,38.54,45.81,20.83,11.40,9.00,15.50,164,0.055,5,0,1.804,7.200,3.991,,,,,,
La_Plata,LP33,1,orange,whole,38.32,50.19,16.13,8.62,7.29,15.50,172,0.045,5,0,1.548,5.743,3.710,,,,,,
La_Plata,LP33,2,orange,whole,34.51,47.97,12.86,6.90,5.65,16.50,127,0.050,5,0,1.270,4.375,3.445,,,,,,
La_Plata,LP33,3,orange,whole,32.09,46.64,11.39,6.25,4.85,17.00,130,0.045,5,0,1.170,3.684,3.149,,,,,,
La_Plata,LP33,4,orange,whole,34.19,47.18,13.41,7.35,5.65,16.50,155,0.046,5,0,1.426,4.222,2.961,,,,,,
La_Plata,LP34,1,orange,whole,33.22,41.61,11.02,6.46,4.20,12.50,103,0.035,5,0,0.721,3.477,4.822,,,,,,
La_Plata,LP34,2,orange,little_pecked,36.12,46.88,6.97,6.34,NA,NA,25,0.032,5,0,0.160,NA,NA,,,,,,
La_Plata,LP35,1,orange,whole,32.46,38.59,6.58,3.15,3.41,22.25,68,0.054,5,0,0.734,2.676,3.643,,,,,,
La_Plata,LP35,2,orange,whole,29.97,30.30,6.33,3.13,3.04,14.00,62,0.052,5,0,0.645,2.392,3.710,,,,,,
La_Plata,LP35,3,orange,whole,32.54,37.18,5.89,2.87,2.99,21.25,63,0.063,5,0,0.794,2.196,2.767,,,,,,
La_Plata,LP35,4,orange,whole,44.35,43.77,14.41,5.69,8.52,19.25,238,0.049,5,0,2.332,6.184,2.651,,,,,,
La_Plata,LP35,5,orange,whole,38.28,42.54,12.72,5.96,6.56,17.50,159,0.049,5,0,1.558,5.005,3.212,,,,,,
La_Plata,LP36,1,orange,whole,38.60,52.88,21.60,9.20,11.12,21.50,206,NA,NA,0,NA,NA,NA,,,,,,
La_Plata,LP36,2,orange,whole,39.62,52.04,19.05,10.98,5.36,6.75,101,NA,NA,0,NA,NA,NA,,,,,,
La_Plata,LP36,3,orange,whole,36.22,48.57,19.71,8.52,10.72,20.25,214,NA,NA,0,NA,NA,NA,,,,,,
La_Plata,LP36,4,green,whole,32.03,47.03,13.83,11.09,2.45,6.75,NA,NA,NA,0,NA,NA,NA,,,,,,
La_Plata,LP36,5,green,whole,32.69,47.36,18.86,11.21,7.17,7.00,210,NA,NA,0,NA,NA,NA,,,,,,
La_Plata,LP37,1,orange,whole,30.51,39.15,6.28,3.34,2.87,13.50,74,NA,NA,0,NA,NA,NA,,,,,,
La_Plata,LP37,2,orange,little_pecked,31.87,42.18,7.11,4.53,2.38,10.25,68,0.047,5,0,0.639,1.737,2.717,,,,,,
La_Plata,LP37,3,green_orange,whole,30.77,42.05,7.21,4.07,3.04,7.50,79,0.052,5,0,0.822,2.219,2.701,,,,,,
La_Plata,LP38,1,orange,whole,32.61,42.00,6.51,4.06,2.34,11.00,67,0.048,5,0,0.643,1.701,2.644,,,,,,
La_Plata,LP38,2,orange,whole,30.28,38.00,6.18,3.71,2.35,14.50,87,0.050,5,1,0.870,1.482,1.703,,,,,,
La_Plata,LP38,3,orange,whole,29.06,35.78,4.87,3.00,1.66,12.50,65,0.053,5,0,0.689,0.969,1.406,,,,,,
La_Plata,LP39,1,orange,whole,36.64,46.85,8.56,5.87,2.56,10.50,84,0.054,5,1,0.907,1.657,1.826,,,,,,
La_Plata,LP39,2,orange,whole,33.84,42.24,8.10,5.06,2.97,8.25,51,0.049,5,0,0.500,2.473,4.948,,,,,,
La_Plata,LP39,3,orange,whole,25.82,34.21,3.36,3.29,0.00,NA,NA,NA,NA,1,NA,NA,NA,,,,,,
La_Plata,LP39,4,green_orange,whole,24.32,34.53,3.51,3.51,0.00,NA,NA,NA,NA,0,NA,NA,NA,,,,,,
La_Plata,LP40,1,orange,whole,39.28,51.99,17.12,10.21,6.74,19.50,198,0.045,5,0,1.782,4.955,2.781,,,,,,
La_Plata,LP40,2,orange,whole,35.04,43.37,10.59,6.99,3.39,19.25,106,0.047,5,0,0.996,2.395,2.403,,,,,,
La_Plata,LP40,3,green,whole,34.36,48.91,19.35,13.05,6.21,8.00,148,0.045,5,0,1.332,4.876,3.661,,,,,,
La_Plata,LP40,4,green,whole,34.82,47.64,18.67,12.35,6.09,10.50,152,0.045,5,0,1.368,4.723,3.452,,,,,,
La_Plata,LP40,5,green,whole,32.99,45.37,15.94,11.40,4.28,7.75,86,0.045,5,0,0.774,3.501,4.523,,,,,,
Magdalena,MG1,1,orange,whole,40.37,46.67,19.65,12.05,7.40,12.25,181,0.045,5,0,1.629,5.772,3.543,,,,,,
Magdalena,MG1,2,orange,highly_pecked,37.26,35.41,1.98,1.98,NA,NA,NA,NA,NA,0,NA,NA,NA,,,,,,
Magdalena,MG1,3,orange,highly_pecked,32.90,31.41,1.41,1.41,NA,NA,NA,NA,NA,0,NA,NA,NA,,,,,,
Magdalena,MG10,1,orange,whole,43.09,52.03,13.97,10.56,3.21,6.75,230,0.025,5,0,1.150,2.056,1.788,,,,,,
Magdalena,MG10,2,orange,whole,40.17,40.47,17.08,8.57,8.35,17.50,192,0.045,5,1,1.728,6.620,3.831,,,,,,
Magdalena,MG10,3,orange,whole,40.57,42.19,14.20,7.42,6.65,22.00,129,0.050,5,0,1.290,5.361,4.156,,,,,,
Magdalena,MG10,4,orange,whole,39.32,39.48,14.81,7.15,7.53,22.50,171,0.053,5,0,1.813,5.714,3.153,,,,,,
Magdalena,MG10,5,orange,little_pecked,26.21,25.19,3.38,2.29,1.05,NA,55,0.030,5,0,0.330,0.715,2.167,,,,,,
Magdalena,MG11,1,green_orange,whole,44.31,51.89,20.84,12.18,8.11,13.50,175,0.050,5,0,1.750,6.360,3.634,,,,,,
Magdalena,MG11,2,green_orange,whole,38.85,47.76,20.78,10.77,8.00,8.00,186,0.042,5,0,1.562,6.437,4.120,,,,,,
Magdalena,MG11,3,green_orange,whole,42.25,52.32,24.58,14.20,9.54,10.50,304,0.046,5,0,2.797,6.745,2.412,,,,,,
Magdalena,MG11,4,orange,whole,44.94,53.21,23.49,13.61,9.60,13.50,215,0.044,5,0,1.892,7.709,4.075,,,,,,
Magdalena,MG11,5,orange,whole,45.81,53.86,15.89,12.26,3.50,11.00,81,0.043,5,0,0.697,2.807,4.030,,,,,,
Magdalena,MG12,1,orange,highly_pecked,40.01,37.56,3.94,3.94,NA,NA,NA,NA,NA,0,NA,NA,NA,,,,,,
Magdalena,MG12,2,green,whole,37.90,45.87,20.34,11.47,8.65,9.25,270,0.044,5,0,2.376,6.273,2.640,,,,,,
Magdalena,MG13,1,green_orange,whole,36.79,49.05,21.72,9.83,11.21,10.00,261,0.048,5,0,2.506,8.708,3.476,,,,,,
Magdalena,MG13,2,orange,highly_pecked,29.53,47.10,2.38,2.38,NA,NA,NA,NA,NA,0,NA,NA,NA,,,,,,
Magdalena,MG13,3,orange,highly_pecked,38.15,NA,3.23,3.23,NA,NA,NA,NA,NA,0,NA,NA,NA,,,,,,
Magdalena,MG14,1,orange,highly_pecked,46.41,NA,10.48,NA,NA,NA,NA,NA,NA,0,NA,NA,NA,,,,,,
Magdalena,MG15,1,orange,whole,37.61,39.76,20.07,12.41,7.48,14.00,184,0.041,5,0,1.509,5.968,3.956,,,,,,
Magdalena,MG15,2,orange,whole,34.39,37.48,15.27,9.28,5.80,14.00,131,0.044,5,0,1.153,4.651,4.035,,,,,,
Magdalena,MG15,3,orange,little_pecked,35.91,39.10,10.94,8.28,2.59,16.75,73,0.044,5,0,0.642,1.944,3.026,,,,,,
Magdalena,MG15,4,orange,whole,35.99,43.67,15.40,8.10,7.24,17.50,178,0.040,5,0,1.424,5.816,4.084,,,,,,
Magdalena,MG15,5,orange,whole,38.87,43.81,24.70,15.76,7.67,8.00,196,0.051,5,0,1.999,5.674,2.838,,,,,,
Magdalena,MG16,1,orange,highly_pecked,25.30,NA,0.61,NA,NA,NA,NA,NA,NA,0,NA,NA,NA,,,,,,
Magdalena,MG17,1,orange,whole,27.19,35.35,7.46,4.01,3.39,13.75,92,0.053,5,1,0.975,2.414,2.475,,,,,,
Magdalena,MG17,2,orange,whole,26.74,36.71,6.88,3.96,2.77,16.25,76,0.051,5,0,0.775,1.997,2.576,,,,,,
Magdalena,MG17,3,green_orange,whole,27.60,35.15,8.50,4.57,3.50,11.00,87,0.042,5,0,0.731,2.773,3.795,,,,,,
Magdalena,MG17,4,orange,highly_pecked,25.92,NA,1.80,1.80,NA,NA,NA,NA,NA,0,NA,NA,NA,,,,,,
Magdalena,MG17,5,green,whole,21.26,27.60,4.66,NA,NA,NA,NA,NA,NA,0,NA,NA,NA,,,,,,
Magdalena,MG2,1,orange,whole,34.29,46.81,13.19,5.97,7.16,16.50,149,0.041,5,0,1.222,5.936,4.859,,,,,,
Magdalena,MG20,1,orange,whole,44.36,50.47,21.70,11.92,9.81,17.25,252,0.051,5,1,2.570,7.237,2.815,,,,,,
Magdalena,MG20,2,orange,highly_pecked,39.35,NA,3.47,3.47,NA,NA,NA,NA,NA,0,NA,NA,NA,,,,,,
Magdalena,MG21,1,green_orange,whole,23.13,28.75,24.63,15.52,8.47,12.75,200,0.051,5,0,2.040,6.428,3.151,,,,,,
Magdalena,MG21,2,green,whole,43.95,60.01,14.70,10.79,3.75,7.25,111,0.047,5,0,1.043,2.704,2.591,,,,,,
Magdalena,MG21,3,green,whole,34.84,49.06,17.51,11.84,5.48,7.00,133,0.049,5,0,1.303,4.178,3.205,,,,,,
Magdalena,MG21,4,orange,whole,36.83,56.79,14.82,9.75,3.78,7.50,175,0.048,5,0,1.680,2.095,1.247,,,,,,
Magdalena,MG21,5,green,whole,36.41,45.21,4.59,3.80,0.65,NA,37,0.039,5,0,0.289,0.363,1.259,,,,,,
Magdalena,MG22,1,orange,whole,38.57,42.16,12.89,6.51,6.24,20.25,179,0.049,5,0,1.754,4.486,2.557,,,,,,
Magdalena,MG22,2,orange,whole,38.53,41.94,14.40,7.75,6.40,17.25,194,0.044,5,0,1.707,4.688,2.746,,,,,,
Magdalena,MG22,3,orange,whole,33.70,36.70,9.22,4.41,4.65,20.00,137,0.049,5,0,1.343,3.303,2.460,,,,,,
Magdalena,MG22,4,orange,whole,34.30,34.62,10.04,4.94,4.92,19.50,144,0.045,5,0,1.296,3.620,2.793,,,,,,
Magdalena,MG22,5,orange,whole,33.03,32.52,9.87,6.23,3.31,12.50,84,0.043,5,0,0.722,2.588,3.582,,,,,,
Magdalena,MG3,1,orange,whole,34.47,46.64,13.00,6.49,6.20,20.50,155,0.041,5,0,1.271,4.931,3.880,,,,,,
Magdalena,MG3,2,orange,whole,33.91,44.79,8.77,4.86,3.80,18.50,134,0.048,5,0,1.286,2.518,1.957,,,,,,
Magdalena,MG3,3,green,whole,31.63,41.88,10.25,6.13,3.94,10.00,102,0.041,5,0,0.836,3.102,3.708,,,,,,
Magdalena,MG4,1,orange,whole,43.12,48.67,21.65,13.12,8.29,17.75,177,0.049,5,0,1.735,6.553,3.778,,,,,,
Magdalena,MG4,2,orange,little_pecked,41.80,47.38,9.93,9.93,NA,NA,NA,NA,NA,0,NA,NA,NA,,,,,,
Magdalena,MG4,3,orange,whole,40.77,44.12,18.91,10.27,8.06,15.25,171,0.045,5,0,1.539,6.523,4.238,,,,,,
Magdalena,MG4,4,orange,highly_pecked,43.46,NA,6.73,6.73,NA,NA,NA,NA,NA,0,NA,NA,NA,,,,,,
Magdalena,MG5,1,orange,whole,41.93,47.90,16.43,9.91,5.63,14.50,154,0.042,5,0,1.294,4.331,3.348,,,,,,
Magdalena,MG5,2,orange,whole,36.40,40.08,13.69,7.41,6.01,15.00,165,0.036,5,0,1.188,4.824,4.061,,,,,,
Magdalena,MG5,3,orange,little_pecked,37.45,40.76,3.63,3.63,NA,NA,NA,NA,NA,0,NA,NA,NA,,,,,,
Magdalena,MG5,4,orange,highly_pecked,31.81,NA,3.56,3.56,NA,NA,NA,NA,NA,0,NA,NA,NA,,,,,,
Magdalena,MG5,5,orange,little_pecked,37.81,NA,4.34,4.34,NA,NA,NA,NA,NA,0,NA,NA,NA,,,,,,
Magdalena,MG6,1,green_orange,whole,39.72,44.78,15.45,8.48,6.81,14.00,163,0.043,5,0,1.402,5.410,3.859,,,,,,
Magdalena,MG6,2,green_orange,whole,40.13,40.41,16.01,9.10,6.77,10.50,167,0.042,5,0,1.403,5.369,3.827,,,,,,
Magdalena,MG6,3,green_orange,whole,38.33,41.27,15.15,9.45,5.70,11.00,142,0.041,5,0,1.164,4.533,3.893,,,,,,
Magdalena,MG6,4,orange,little_pecked,37.62,NA,4.34,4.34,NA,NA,NA,NA,NA,0,NA,NA,NA,,,,,,
Magdalena,MG6,5,orange,little_pecked,38.21,NA,3.95,3.95,NA,NA,NA,NA,NA,0,NA,NA,NA,,,,,,
Magdalena,MG7,1,orange,little_pecked,45.71,NA,7.11,7.11,NA,NA,NA,NA,NA,0,NA,NA,NA,,,,,,
Magdalena,MG8,1,green,whole,33.83,39.21,11.72,9.83,1.61,7.25,NA,NA,NA,0,NA,NA,NA,,,,,,
Magdalena,MG8,2,orange,little_pecked,39.61,37.27,4.55,4.55,NA,NA,NA,NA,NA,0,NA,NA,NA,,,,,,
Magdalena,MG9,1,green_orange,whole,45.24,53.44,32.53,20.21,11.73,15.25,214,0.055,5,0,2.354,9.377,3.983,,,,,,
Magdalena,MG9,2,green,whole,40.15,48.75,25.51,15.38,9.75,9.00,303,0.049,5,0,2.969,6.785,2.285,,,,,,
Magdalena,MG9,3,green_orange,whole,41.42,54.10,26.86,16.74,9.04,8.75,191,0.051,5,0,1.948,7.087,3.638,,,,,,
Magdalena,MG9,4,orange,little_pecked,40.82,47.69,7.92,7.92,NA,NA,NA,NA,NA,1,NA,NA,NA,,,,,,
Magdalena,MG9,5,orange,little_pecked,33.82,42.95,5.61,5.61,NA,NA,NA,NA,NA,0,NA,NA,NA,,,,,,
Sauce_Montrull,SM14,1,orange,whole,32.28,40.00,11.93,4.78,7.08,20.00,209,0.053,5,0,2.215,4.860,2.194,,,,,,
Sauce_Montrull,SM14,2,orange,whole,34.98,42.93,13.76,5.13,8.58,19.75,236,0.052,5,0,2.454,6.123,2.495,,,,,,
Sauce_Montrull,SM14,3,orange,whole,35.49,42.50,14.83,5.66,9.09,20.50,230,0.045,5,0,2.070,7.018,3.390,,,,,,
Sauce_Montrull,SM14,4,orange,whole,37.81,47.99,16.32,6.26,9.97,19.00,292,0.055,5,0,3.212,6.753,2.102,,,,,,
Sauce_Montrull,SM14,5,orange,whole,33.31,38.02,11.62,5.03,6.46,21.00,183,0.050,5,0,1.830,4.634,2.532,,,,,,
Sauce_Montrull,SM15,1,orange,whole,41.40,48.04,18.07,8.49,9.34,20.50,280,0.049,5,0,2.744,6.597,2.404,,,,,,
Sauce_Montrull,SM15,2,orange,whole,38.73,44.99,15.86,8.20,7.22,20.00,257,0.043,5,0,2.210,5.013,2.268,,,,,,
Sauce_Montrull,SM15,3,orange,whole,36.79,43.30,16.49,7.37,8.85,15.50,288,0.044,5,0,2.534,6.311,2.490,,,,,,
Sauce_Montrull,SM15,4,orange,whole,39.50,41.79,14.34,6.92,7.15,18.25,218,0.050,5,0,2.180,4.972,2.281,,,,,,
Sauce_Montrull,SM15,5,orange,whole,33.17,38.33,7.38,4.82,2.46,NA,151,0.037,5,1,1.117,1.345,1.203,,,,,,
Sauce_Montrull,SM16,1,orange,whole,32.49,35.52,12.23,4.76,6.78,17.50,217,0.046,5,0,1.996,4.785,2.397,,,,,,
Sauce_Montrull,SM16,2,orange,whole,33.96,38.42,13.96,5.46,8.38,17.50,248,0.045,5,0,2.232,6.152,2.756,,,,,,
Sauce_Montrull,SM16,3,orange,whole,33.99,37.19,13.26,5.16,7.96,18.25,244,0.048,5,0,2.342,5.617,2.398,,,,,,
Sauce_Montrull,SM16,4,orange,whole,32.64,37.29,12.34,4.42,7.78,17.75,239,0.045,5,0,2.151,5.633,2.619,,,,,,
Sauce_Montrull,SM16,5,orange,highly_pecked,25.55,30.73,1.82,1.82,NA,NA,NA,NA,NA,0,NA,NA,NA,,,,,,
Sauce_Montrull,SM17,1,orange,whole,32.44,34.74,7.05,3.57,3.32,12.25,142,0.042,5,0,1.193,2.128,1.784,,,,,,
Sauce_Montrull,SM17,2,orange,whole,39.28,42.36,11.82,6.70,4.95,12.50,192,0.047,5,0,1.805,3.143,1.742,,,,,,
Sauce_Montrull,SM17,3,orange,whole,36.65,40.74,11.42,6.07,4.72,15.50,194,0.046,5,1,1.785,2.935,1.645,,,,,,
Sauce_Montrull,SM17,4,orange,whole,35.82,41.11,8.69,4.29,3.63,9.75,185,0.051,5,0,1.887,1.744,0.924,,,,,,
Sauce_Montrull,SM17,5,orange,whole,32.11,35.59,7.56,3.97,3.30,16.50,126,0.048,5,0,1.210,2.090,1.728,,,,,,
Sauce_Montrull,SM27,1,orange,whole,35.70,47.07,13.07,6.40,6.33,16.50,143,0.041,5,0,1.173,5.152,4.394,,,,,,
Sauce_Montrull,SM27,2,orange,whole,30.01,38.81,7.53,4.01,3.15,16.50,82,0.038,5,0,0.623,2.524,4.050,,,,,,
Sauce_Montrull,SM27,3,orange,whole,33.07,42.40,11.99,6.55,5.32,16.25,183,0.046,5,0,1.684,3.631,2.157,,,,,,
Sauce_Montrull,SM27,4,orange,whole,34.99,39.41,12.44,6.70,5.50,13.25,169,0.045,5,0,1.521,3.980,2.617,,,,,,
Sauce_Montrull,SM29,1,orange,whole,36.44,38.02,13.02,6.87,5.96,21.00,146,0.055,5,0,1.606,4.355,2.712,,,,,,
Sauce_Montrull,SM29,2,orange,whole,42.73,46.79,24.07,11.82,11.83,20.00,279,0.054,5,0,3.013,8.814,2.925,,,,,,
Sauce_Montrull,SM29,3,orange,whole,43.22,50.52,24.02,12.95,10.60,14.75,281,0.046,5,0,2.585,8.019,3.102,,,,,,
Sauce_Montrull,SM29,4,orange,whole,42.77,45.63,19.88,11.05,8.44,19.25,245,0.059,5,0,2.891,5.551,1.920,,,,,,
Sauce_Montrull,SM29B,1,orange,whole,38.54,48.77,14.04,6.76,7.19,18.50,134,0.054,5,0,1.447,5.745,3.970,,,,,,
Sauce_Montrull,SM29B,2,orange,whole,41.02,50.84,21.15,9.38,11.46,19.75,205,0.051,5,0,2.091,9.371,4.482,,,,,,
Sauce_Montrull,SM29B,3,orange,whole,36.59,55.14,20.29,8.75,11.07,18.75,299,0.059,5,0,3.528,7.546,2.139,,,,,,
Sauce_Montrull,SM29B,4,orange,whole,35.67,43.57,16.95,6.16,10.11,21.00,166,0.057,5,0,1.892,8.213,4.340,,,,,,
Sauce_Montrull,SM29B,5,orange,whole,36.80,38.58,8.88,4.74,4.03,17.00,123,0.061,5,0,1.501,2.527,1.684,,,,,,
Sauce_Montrull,SM3,1,orange,whole,34.65,37.36,11.43,5.41,5.84,16.50,205,0.049,5,1,2.009,3.835,1.909,,,,,,
Sauce_Montrull,SM3,2,orange,whole,29.98,32.19,6.18,3.34,2.70,17.25,130,0.045,5,1,1.170,1.532,1.309,,,,,,
Sauce_Montrull,SM3,3,orange,whole,33.15,37.37,11.09,4.28,6.66,18.75,195,0.049,5,0,1.911,4.752,2.487,,,,,,
Sauce_Montrull,SM3,4,orange,whole,34.97,39.71,12.89,5.72,7.13,16.00,213,0.055,5,0,2.343,4.786,2.043,,,,,,
Sauce_Montrull,SM3,5,orange,whole,35.21,37.36,12.49,6.00,6.39,17.00,210,0.052,5,1,2.184,4.202,1.924,,,,,,
Sauce_Montrull,SM30,1,orange,whole,29.89,47.25,11.08,4.95,6.02,15.00,155,0.045,5,0,1.395,4.629,3.318,,,,,,
Sauce_Montrull,SM30,2,orange,whole,30.72,47.57,15.13,6.25,8.81,16.50,244,0.046,5,1,2.245,6.569,2.926,,,,,,
Sauce_Montrull,SM30,3,orange,whole,34.62,43.84,14.99,6.31,8.52,17.75,240,0.043,5,0,2.064,6.460,3.130,,,,,,
Sauce_Montrull,SM30,4,orange,whole,38.62,52.43,15.86,7.20,8.49,16.50,182,0.057,5,0,2.075,6.414,3.091,,,,,,
Sauce_Montrull,SM30,5,orange,whole,29.60,36.41,6.01,3.13,2.83,16.75,78,0.052,5,0,0.811,2.019,2.489,,,,,,
Sauce_Montrull,SM31,1,orange,whole,32.28,37.86,8.08,3.88,4.09,22.50,73,0.056,5,0,0.818,3.275,4.006,,,,,,
Sauce_Montrull,SM31,2,orange,whole,31.84,35.04,8.03,3.46,4.45,20.50,85,0.051,5,0,0.867,3.578,4.127,,,,,,
Sauce_Montrull,SM31,3,orange,whole,39.89,48.91,18.27,8.47,9.61,18.25,185,0.057,5,0,2.109,7.502,3.557,,,,,,
Sauce_Montrull,SM31,4,orange,whole,39.27,47.01,17.32,7.36,9.90,19.00,189,0.051,5,0,1.928,7.972,4.135,,,,,,
Sauce_Montrull,SM31,5,orange,whole,40.21,47.41,15.12,7.32,7.48,17.25,230,0.036,5,0,1.656,5.827,3.519,,,,,,
Sauce_Montrull,SM36,1,orange,whole,37.13,41.33,16.02,6.53,9.30,18.25,229,0.049,5,0,2.244,7.060,3.146,,,,,,
Sauce_Montrull,SM36,2,orange,whole,33.64,39.48,14.08,5.68,8.02,16.50,230,0.045,5,0,2.070,5.953,2.876,,,,,,
Sauce_Montrull,SM36,3,orange,whole,29.46,38.51,7.29,3.88,3.36,16.00,201,0.031,5,1,1.246,2.116,1.698,,,,,,
Sauce_Montrull,SM36,4,orange,whole,30.80,33.61,8.18,3.60,4.43,18.25,139,0.037,5,0,1.029,3.398,3.304,,,,,,
Sauce_Montrull,SM36,5,orange,whole,26.23,31.50,5.29,3.24,1.98,14.00,67,0.051,5,0,0.683,1.295,1.894,,,,,,
Sauce_Montrull,SM37,1,orange,little_pecked,36.12,39.10,4.86,4.44,0.37,NA,18,0.039,5,0,0.140,0.227,1.614,,,,,,
Sauce_Montrull,SM37,2,orange,whole,35.16,40.35,13.37,6.36,6.85,14.00,125,0.036,5,0,0.900,5.949,6.610,,,,,,
Sauce_Montrull,SM37,3,orange,whole,33.85,42.51,12.89,6.03,6.68,13.75,109,0.040,5,0,0.872,5.808,6.661,,,,,,
Sauce_Montrull,SM37,4,orange,little_pecked,37.01,41.44,7.21,5.89,1.03,15.25,37,0.047,5,0,0.348,0.680,1.956,,,,,,
Sauce_Montrull,SM38,1,orange,whole,35.83,40.47,16.59,7.45,8.83,18.00,201,0.051,5,0,2.050,6.784,3.309,,,,,,
Sauce_Montrull,SM38,2,orange,whole,36.68,40.94,18.64,7.33,11.08,17.25,238,0.050,5,0,2.380,8.700,3.655,,,,,,
Sauce_Montrull,SM38,3,orange,whole,40.54,44.96,22.28,9.95,11.43,12.25,241,0.048,5,0,2.314,9.120,3.942,,,,,,
Sauce_Montrull,SM38,4,green_orange,whole,37.49,41.16,19.06,8.43,10.31,9.75,217,0.050,5,1,2.170,8.138,3.750,,,,,,
Sauce_Montrull,SM38,5,orange,whole,37.09,39.35,16.39,7.63,8.63,14.25,224,0.048,5,1,2.150,6.481,3.014,,,,,,
Sauce_Montrull,SM4,1,orange,whole,30.77,43.00,12.55,4.53,7.65,17.25,154,0.051,5,0,1.571,6.075,3.868,,,,,,
Sauce_Montrull,SM4,2,orange,whole,33.30,51.44,15.85,6.36,9.22,13.50,214,0.050,5,0,2.140,7.079,3.308,,,,,,
Sauce_Montrull,SM4,3,orange,whole,29.58,35.10,8.12,3.78,4.13,18.50,82,0.049,5,0,0.804,3.330,4.144,,,,,,
Sauce_Montrull,SM43,1,orange,whole,35.26,44.70,13.70,6.93,6.56,10.50,275,0.041,5,0,2.255,4.309,1.911,,,,,,
Sauce_Montrull,SM43,2,orange,whole,32.50,40.47,12.90,5.34,7.31,16.75,245,0.047,5,0,2.303,5.008,2.175,,,,,,
Sauce_Montrull,SM43,3,orange,whole,33.24,45.13,11.20,5.39,5.66,7.00,215,0.039,5,0,1.677,3.981,2.374,,,,,,
Sauce_Montrull,SM43,4,orange,whole,31.23,45.81,12.51,4.88,7.11,12.75,251,0.049,5,0,2.460,4.653,1.892,,,,,,
Sauce_Montrull,SM43,5,orange,whole,34.64,43.19,13.72,6.72,6.08,7.50,303,0.050,5,0,3.030,3.054,1.008,,,,,,
Sauce_Montrull,SM41,1,orange,whole,38.32,50.70,18.74,8.22,10.37,19.50,306,0.047,5,0,2.876,7.493,2.605,,,,,,
Sauce_Montrull,SM41,2,orange,whole,39.84,53.75,19.85,9.58,9.91,18.25,277,0.047,5,0,2.604,7.307,2.806,,,,,,
Sauce_Montrull,SM41,3,orange,whole,31.55,43.24,9.12,5.47,3.57,20.75,96,0.043,5,0,0.826,2.743,3.323,,,,,,
Sauce_Montrull,SM41,4,orange,little_pecked,40.44,49.51,7.58,7.58,NA,NA,NA,NA,NA,0,NA,NA,NA,,,,,,
Sauce_Montrull,SM42,1,orange,whole,29.22,43.78,6.88,3.49,3.33,7.75,192,0.017,5,0,0.653,2.677,4.101,,,,,,
Sauce_Montrull,SM42,2,orange,whole,NA,NA,3.92,1.78,2.10,15.50,94,0.049,5,0,0.921,1.179,1.280,,,,,,
Sauce_Montrull,SM42,3,orange,whole,29.91,43.07,6.68,4.34,5.12,16.50,223,0.048,5,0,2.141,2.981,1.393,,,,,,
Sauce_Montrull,SM42,4,orange,whole,31.69,40.89,7.96,2.68,5.15,7.00,175,0.050,5,0,1.750,3.398,1.942,,,,,,
Sauce_Montrull,SM42,5,orange,whole,NA,NA,8.84,4.16,4.62,19.50,222,0.042,5,0,1.865,2.757,1.479,,,,,,
Sauce_Montrull,SM44,1,orange,whole,30.60,41.37,9.47,5.24,4.19,18.50,118,0.038,5,0,0.897,3.289,3.668,,,,,,
Sauce_Montrull,SM44,2,orange,whole,35.99,48.49,14.55,8.54,5.79,16.75,143,0.042,5,0,1.201,4.585,3.817,,,,,,
Sauce_Montrull,SM44,3,orange,whole,39.14,47.88,17.48,9.16,7.98,19.50,209,0.043,5,0,1.797,6.180,3.438,,,,,,
Sauce_Montrull,SM44,4,orange,whole,36.23,47.54,14.33,7.09,6.95,17.50,165,0.047,5,0,1.551,5.400,3.482,,,,,,
Sauce_Montrull,SM44,5,orange,whole,32.47,42.77,7.69,4.14,3.71,15.25,99,0.045,5,0,0.891,2.821,3.166,,,,,,
Sauce_Montrull,SM49,1,orange,whole,35.60,46.58,11.20,5.95,5.16,14.00,163,0.039,5,0,1.271,3.884,3.055,,,,,,
Sauce_Montrull,SM49,2,orange,whole,31.11,37.31,7.13,3.74,3.21,18.75,90,0.046,5,0,0.828,2.379,2.873,,,,,,
Sauce_Montrull,SM49,3,orange,whole,33.04,44.07,9.55,4.65,4.79,15.00,144,0.040,5,0,1.152,3.637,3.157,,,,,,
Sauce_Montrull,SM49,4,orange,whole,33.67,41.74,8.54,4.81,3.64,14.50,121,0.039,5,0,0.944,2.698,2.859,,,,,,
Sauce_Montrull,SM49,5,orange,whole,36.04,44.52,9.71,4.47,5.15,16.25,181,0.036,5,0,1.303,3.851,2.955,,,,,,
Sauce_Montrull,SM54,1,orange,whole,32.51,43.72,11.78,5.47,6.11,14.25,192,0.050,5,0,1.920,4.190,2.182,,,,,,
Sauce_Montrull,SM54,2,orange,whole,33.45,42.62,11.45,4.85,6.21,15.50,241,0.046,5,0,2.217,3.997,1.803,,,,,,
Sauce_Montrull,SM54,3,orange,whole,38.39,45.30,13.38,5.59,7.42,NA,257,0.050,5,0,2.570,4.850,1.887,,,,,,
Sauce_Montrull,SM54,4,orange,whole,35.61,46.69,15.07,7.06,7.66,14.75,257,0.057,5,0,2.930,4.727,1.613,,,,,,
Sauce_Montrull,SM54,5,orange,whole,35.13,45.50,15.93,7.47,7.70,16.00,175,0.054,5,0,1.890,5.811,3.075,,,,,,
Sauce_Montrull,SM55,1,orange,whole,35.26,42.52,14.57,5.89,8.52,20.25,195,0.041,5,0,1.599,6.922,4.329,,,,,,
Sauce_Montrull,SM55,2,orange,whole,28.40,37.14,6.70,3.97,2.63,15.75,70,0.048,5,0,0.672,1.961,2.918,,,,,,
Sauce_Montrull,SM55,3,orange,whole,34.59,46.24,15.12,6.87,7.98,18.25,193,0.042,5,0,1.621,6.361,3.924,,,,,,
Sauce_Montrull,SM55,4,orange,whole,35.81,45.82,12.74,6.68,5.77,17.50,236,0.047,5,1,2.218,3.547,1.599,,,,,,
Sauce_Montrull,SM55,5,orange,whole,33.91,41.79,11.10,5.42,5.46,18.50,164,0.049,5,0,1.607,3.849,2.395,,,,,,
Sauce_Montrull,SM56,1,orange,whole,28.64,33.13,5.16,3.51,1.59,14.00,51,0.037,5,1,0.377,1.209,3.202,,,,,,
Sauce_Montrull,SM56,2,orange,whole,32.60,37.54,5.89,3.75,2.07,10.75,121,0.038,5,1,0.920,1.151,1.252,,,,,,
Sauce_Montrull,SM56,3,orange,whole,35.31,41.78,12.04,5.14,6.71,18.50,203,0.043,5,0,1.746,4.963,2.843,,,,,,
Sauce_Montrull,SM56,4,orange,whole,35.67,43.01,12.98,6.37,6.38,14.75,248,0.040,5,0,1.984,4.394,2.215,,,,,,
Sauce_Montrull,SM56,5,orange,whole,31.14,37.26,9.63,3.63,5.90,19.00,201,0.030,5,0,1.206,4.689,3.888,,,,,,
Sauce_Montrull,SM57,1,orange,whole,34.40,41.56,6.96,4.14,2.74,10.25,122,0.033,5,0,0.805,1.930,2.397,,,,,,
Sauce_Montrull,SM57,2,orange,whole,33.26,44.23,9.52,5.21,4.32,13.00,199,0.042,5,1,1.672,2.651,1.586,,,,,,
Sauce_Montrull,SM57,3,orange,whole,29.29,42.24,7.83,3.94,3.80,12.00,148,0.032,5,0,0.947,2.849,3.008,,,,,,
Sauce_Montrull,SM57,4,orange,whole,38.55,48.75,12.00,6.67,5.21,14.75,209,0.037,5,0,1.547,3.661,2.367,,,,,,
Sauce_Montrull,SM58,1,orange,whole,33.68,39.58,6.95,3.27,3.64,15.00,194,0.036,5,0,1.397,2.244,1.607,,,,,,
Sauce_Montrull,SM58,2,orange,little_pecked,34.76,40.58,6.04,3.18,2.81,NA,194,0.034,5,1,1.319,1.492,1.131,,,,,,
Sauce_Montrull,SM58,3,orange,whole,35.50,41.69,8.91,5.03,3.75,NA,189,0.040,5,1,1.512,2.235,1.478,,,,,,
Ranchos,RA1,1,orange,whole,34.329,38.119,NA,NA,NA,NA,NA,NA,NA,NA,NA,NA,NA,,,,,,
Ranchos,RA1,2,orange,whole,31.659,42.925,4.8,NA,NA,NA,131,NA,NA,0,NA,NA,NA,,,,,,
Ranchos,RA1,3,orange,whole,29.683,39.134,9.2,NA,NA,16,100,NA,NA,0,NA,NA,NA,,,,,,
Ranchos,RA1,4,orange,whole,36.042,47.861,14.5,NA,NA,15.5,166,NA,NA,0,NA,NA,NA,,,,,,
Ranchos,RA1,5,orange,whole,32.269,42.314,8,NA,NA,14.5,87,NA,NA,0,NA,NA,NA,,,,,,
Ranchos,RA2,1,orange,whole,29.325,34.284,5.1,NA,NA,NA,150,NA,NA,0,NA,NA,NA,,,,,,
Ranchos,RA2,2,orange,whole,18.3,25.977,NA,NA,NA,NA,NA,NA,NA,NA,NA,NA,NA,,,,,,
Ranchos,RA2,3,green,whole,34.594,36.697,15.2,NA,NA,9.5,213,NA,NA,0,NA,NA,NA,,,,,,
Ranchos,RA2,4,green,whole,34.105,35.54,15.8,NA,NA,14.75,236,NA,NA,0,NA,NA,NA,,,,,,
Ranchos,RA3,1,orange,whole,33.759,37.845,9.5,NA,NA,NA,199,NA,NA,0,NA,NA,NA,,,,,,
Ranchos,RA3,2,orange,whole,31.742,33.281,4.8,NA,NA,NA,155,NA,NA,0,NA,NA,NA,,,,,,
Ranchos,RA3,3,green_orange,whole,27.773,34.806,7.8,NA,NA,16.5,93,NA,NA,0,NA,NA,NA,,,,,,
Ranchos,RA3,4,green,whole,21.095,29.511,4.1,NA,NA,17.5,44,NA,NA,0,NA,NA,NA,,,,,,
Ranchos,RA3,5,green,whole,25.423,32.32,6,NA,NA,NA,74,NA,NA,0,NA,NA,NA,,,,,,
Ranchos,RA4,1,orange,whole,26.864,33.469,3.8,NA,NA,27.75,36,NA,NA,0,NA,NA,NA,,,,,,
Ranchos,RA4,2,orange,whole,23.74,31.54,1.3,NA,NA,NA,42,NA,NA,0,NA,NA,NA,,,,,,
Ranchos,RA4,3,orange,whole,22.719,30.207,0.6,NA,NA,NA,20,NA,NA,0,NA,NA,NA,,,,,,
Ranchos,RA5,1,orange,whole,26.158,29.085,2,NA,NA,NA,22,NA,NA,0,NA,NA,NA,,,,,,
Ranchos,RA5,2,orange,whole,24.181,25.711,1.2,NA,NA,NA,8,NA,NA,0,NA,NA,NA,,,,,,
Ranchos,RA5,3,orange,whole,23.42,27.861,0.7,NA,NA,11,4,NA,NA,0,NA,NA,NA,,,,,,
Ranchos,RA5,4,green,whole,26.029,29.991,7.9,NA,NA,NA,121,NA,NA,0,NA,NA,NA,,,,,,
Ranchos,RA5,5,green,whole,22.093,26.721,3.1,NA,NA,NA,35,NA,NA,0,NA,NA,NA,,,,,,
Ranchos,RA6,1,orange,whole,43.892,42.358,19.7,NA,NA,NA,231,NA,NA,0,NA,NA,NA,,,,,,
Ranchos,RA6,2,orange,whole,40.496,42.621,17.5,NA,NA,17.5,235,NA,NA,0,NA,NA,NA,,,,,,
Ranchos,RA6,3,orange,whole,39.32,42.635,NA,NA,NA,17,NA,NA,NA,NA,NA,NA,NA,,,,,,
Ranchos,RA6,4,orange,whole,37.185,41.147,16.3,NA,NA,17.25,200,NA,NA,0,NA,NA,NA,,,,,,
Ranchos,RA6,5,orange,whole,39.025,41.141,18.6,NA,NA,14.25,246,NA,NA,0,NA,NA,NA,,,,,,
Ranchos,RA7,1,orange,whole,46.64,58.67,19,NA,NA,21.75,297,NA,NA,0,NA,NA,NA,,,,,,
Ranchos,RA7,2,orange,whole,43.863,55.751,18.4,NA,NA,22.5,307,NA,NA,0,NA,NA,NA,,,,,,
Ranchos,RA7,3,orange,whole,38.137,53.966,NA,NA,NA,19.5,NA,NA,NA,NA,NA,NA,NA,,,,,,
Ranchos,RA7,4,orange,whole,37.701,57.668,15.8,NA,NA,21.5,232,NA,NA,0,NA,NA,NA,,,,,,
Ranchos,RA7,5,orange,whole,37.371,56.184,17.4,NA,NA,22.75,245,NA,NA,0,NA,NA,NA,,,,,,
Ranchos,RA8,1,orange,whole,40.45,NA,NA,NA,NA,NA,NA,NA,NA,NA,NA,NA,NA,,,,,,
Ranchos,RA8,2,orange,whole,31.647,36.28,NA,NA,NA,NA,NA,NA,NA,NA,NA,NA,NA,,,,,,
Ranchos,RA8,3,orange,whole,31.442,38.856,NA,NA,NA,NA,NA,NA,NA,NA,NA,NA,NA,,,,,,
Ranchos,RA8,4,orange,whole,35.074,45.369,12.3,NA,NA,16,191,NA,NA,0,NA,NA,NA,,,,,,
Ranchos,RA8,5,green,whole,29.857,35.589,9.6,NA,NA,NA,NA,NA,NA,0,NA,NA,NA,,,,,,
Ranchos,RA9,1,orange,whole,38.534,43.81,19.9,NA,NA,15.5,295,NA,NA,0,NA,NA,NA,,,,,,
Ranchos,RA9,2,orange,whole,27.399,33.378,9.7,NA,NA,15.75,150,NA,NA,0,NA,NA,NA,,,,,,
Ranchos,RA9,3,orange,whole,24.222,30.606,5.6,NA,NA,18.25,74,NA,NA,0,NA,NA,NA,,,,,,
Ranchos,RA9,4,orange,whole,34.574,43.641,19,NA,NA,14.25,304,NA,NA,0,NA,NA,NA,,,,,,
Ranchos,RA9,5,green,whole,37.213,43.921,20,NA,NA,10.5,277,NA,NA,0,NA,NA,NA,,,,,,
Ranchos,RA10,1,orange,whole,43.202,45.653,21.3,NA,NA,NA,229,NA,NA,0,NA,NA,NA,,,,,,
Ranchos,RA10,2,orange,whole,38.104,40.802,16.6,NA,NA,18.25,223,NA,NA,0,NA,NA,NA,,,,,,
Ranchos,RA10,3,orange,whole,39.648,46.365,19.8,NA,NA,17.5,251,NA,NA,0,NA,NA,NA,,,,,,
Ranchos,RA10,4,orange,whole,43.199,46.773,22.1,NA,NA,19,279,NA,NA,0,NA,NA,NA,,,,,,
Ranchos,RA10,5,orange,whole,43.417,45.422,21.9,NA,NA,19,249,NA,NA,0,NA,NA,NA,,,,,,
Ranchos,RA11,1,orange,whole,36.362,42.258,9.6,NA,NA,16.5,124,NA,NA,0,NA,NA,NA,,,,,,
Ranchos,RA11,2,orange,whole,36.32,45.094,11.8,NA,NA,NA,214,NA,NA,0,NA,NA,NA,,,,,,
Ranchos,RA11,3,orange,whole,27.586,36.893,6,NA,NA,NA,123,NA,NA,0,NA,NA,NA,,,,,,
Ranchos,RA11,4,orange,whole,31.664,45.909,9.4,NA,NA,15.75,121,NA,NA,0,NA,NA,NA,,,,,,
Ranchos,RA11,5,orange,whole,29.557,41.822,6.8,NA,NA,17.5,91,NA,NA,2,NA,NA,NA,,,,,,
Ranchos,RA12,1,orange,whole,36.542,42.555,16.5,NA,NA,13.25,221,NA,NA,0,NA,NA,NA,,,,,,
Ranchos,RA12,2,orange,whole,36.115,44.302,17.3,NA,NA,NA,221,NA,NA,0,NA,NA,NA,,,,,,
Ranchos,RA12,3,orange,whole,34.461,44.062,16.2,NA,NA,11.5,234,NA,NA,0,NA,NA,NA,,,,,,
Ranchos,RA12,4,orange,whole,33.504,39.685,13,NA,NA,14.5,207,NA,NA,0,NA,NA,NA,,,,,,
Ranchos,RA12,5,green,whole,33.062,38.441,12.5,NA,NA,7.75,161,NA,NA,0,NA,NA,NA,,,,,,
Ranchos,RA13,1,orange,whole,27.887,46.882,19.6,NA,NA,17.25,235,NA,NA,0,NA,NA,NA,,,,,,
Ranchos,RA13,2,orange,whole,18.567,26.943,3.4,NA,NA,18.5,35,NA,NA,0,NA,NA,NA,,,,,,
Ranchos,RA14,1,orange,whole,32.207,43.179,11.7,NA,NA,14,179,NA,NA,0,NA,NA,NA,,,,,,
Ranchos,RA14,2,green,whole,30.258,37.848,6.8,NA,NA,13,100,NA,NA,0,NA,NA,NA,,,,,,
Ranchos,RA14,3,green,whole,32.684,36.623,10.4,NA,NA,9.5,154,NA,NA,0,NA,NA,NA,,,,,,
Ranchos,RA14,4,green,whole,25.019,29.945,4.1,NA,NA,NA,38,NA,NA,0,NA,NA,NA,,,,,,
Ranchos,RA14,5,green_orange,whole,27.577,36.466,5.6,NA,NA,11.5,100,NA,NA,0,NA,NA,NA,,,,,,
Ranchos,RA15,1,orange,whole,25.031,31.566,2.7,NA,NA,NA,39,NA,NA,0,NA,NA,NA,,,,,,
Ranchos,RA15,2,orange,whole,28.285,42.303,7.9,NA,NA,NA,168,NA,NA,0,NA,NA,NA,,,,,,
Ranchos,RA15,3,orange,whole,34.398,45.938,13.7,NA,NA,20.25,213,NA,NA,0,NA,NA,NA,,,,,,
Ranchos,RA15,4,orange,whole,28.049,33.542,5.6,NA,NA,24.5,113,NA,NA,0,NA,NA,NA,,,,,,
Ranchos,RA15,5,orange,whole,24.4,31.886,NA,NA,NA,NA,NA,NA,NA,NA,NA,NA,NA,,,,,,
Ranchos,RA16,1,orange,whole,38.987,53.311,17.6,NA,NA,NA,175,NA,NA,1,NA,NA,NA,,,,,,
Ranchos,RA16,2,orange,whole,37.674,51.448,NA,NA,NA,NA,NA,NA,NA,NA,NA,NA,NA,,,,,,
Ranchos,RA16,3,orange,whole,34.681,49.75,11.8,NA,NA,NA,133,NA,NA,0,NA,NA,NA,,,,,,
Ranchos,RA16,4,orange,whole,40.064,53.336,20,NA,NA,NA,227,NA,NA,1,NA,NA,NA,,,,,,
Ranchos,RA16,5,orange,whole,36.456,43.832,13.5,NA,NA,18.75,173,NA,NA,1,NA,NA,NA,,,,,,
Ranchos,RA17,1,orange,whole,36.603,47.979,11.3,NA,NA,18.75,118,NA,NA,0,NA,NA,NA,,,,,,
Ranchos,RA17,2,orange,whole,38.332,47.441,10.7,NA,NA,20.25,120,NA,NA,0,NA,NA,NA,,,,,,
Ranchos,RA17,3,orange,whole,40.029,46.383,11.8,NA,NA,20.25,124,NA,NA,0,NA,NA,NA,,,,,,
Ranchos,RA17,4,orange,whole,32.884,44.345,7.6,NA,NA,20.75,100,NA,NA,0,NA,NA,NA,,,,,,
Ranchos,RA17,5,orange,whole,42.071,54.014,12.4,NA,NA,20.75,136,NA,NA,0,NA,NA,NA,,,,,,
Ranchos,RA18,1,orange,whole,35.643,48.976,11.3,NA,NA,18.75,122,NA,NA,0,NA,NA,NA,,,,,,
Ranchos,RA18,2,orange,whole,33.779,43.085,7,NA,NA,19.25,118,NA,NA,1,NA,NA,NA,,,,,,
Ranchos,RA18,3,orange,whole,35.62,45.625,10.5,NA,NA,19.75,111,NA,NA,0,NA,NA,NA,,,,,,
Ranchos,RA18,4,orange,whole,35.091,43.636,9.9,NA,NA,NA,101,NA,NA,0,NA,NA,NA,,,,,,
Ranchos,RA18,5,orange,whole,38.783,51.906,12.5,NA,NA,18,131,NA,NA,0,NA,NA,NA,,,,,,
Ranchos,RA19,1,orange,whole,44.984,48.961,17.2,NA,NA,16.75,258,NA,NA,0,NA,NA,NA,,,,,,
Ranchos,RA19,2,orange,whole,28.131,33.155,4.5,NA,NA,NA,55,NA,NA,0,NA,NA,NA,,,,,,
Ranchos,RA19,3,orange,whole,41.566,51.361,17.7,NA,NA,18,253,NA,NA,0,NA,NA,NA,,,,,,
Ranchos,RA19,4,orange,whole,43.228,51.797,18.5,NA,NA,16.25,267,NA,NA,0,NA,NA,NA,,,,,,
Ranchos,RA19,5,orange,whole,39.308,43.937,11.8,NA,NA,NA,170,NA,NA,0,NA,NA,NA,,,,,,
Ranchos,RA20,1,orange,whole,31.22,33.381,4.7,NA,NA,26,65,NA,NA,0,NA,NA,NA,,,,,,
Ranchos,RA20,2,orange,whole,33.491,34.064,7.9,NA,NA,20.5,161,NA,NA,0,NA,NA,NA,,,,,,
Ranchos,RA20,3,orange,whole,28.75,34.969,5.4,NA,NA,NA,103,NA,NA,0,NA,NA,NA,,,,,,
Ranchos,RA20,4,orange,whole,39.003,43.62,12.6,NA,NA,23.25,209,NA,NA,0,NA,NA,NA,,,,,,
Ranchos,RA20,5,orange,whole,38.457,44.162,NA,NA,NA,22.5,NA,NA,NA,NA,NA,NA,NA,,,,,,
Ranchos,RA21,1,orange,whole,34.647,41.106,3.9,NA,NA,NA,40,NA,NA,0,NA,NA,NA,,,,,,
Ranchos,RA21,2,orange,whole,30.282,38.606,1.7,NA,NA,NA,194,NA,NA,0,NA,NA,NA,,,,,,
Ranchos,RA21,3,orange,whole,28.766,38.203,3.5,NA,NA,NA,145,NA,NA,0,NA,NA,NA,,,,,,
Ranchos,RA21,4,orange,whole,37.067,41.888,5.7,NA,NA,NA,228,NA,NA,0,NA,NA,NA,,,,,,
Ranchos,RA21,5,orange,whole,27.949,36.982,1.2,NA,NA,NA,103,NA,NA,0,NA,NA,NA,,,,,,
Ranchos,RA22,1,orange,whole,39.522,55.556,16.6,NA,NA,21.5,238,NA,NA,0,NA,NA,NA,,,,,,
Ranchos,RA22,2,orange,whole,41.001,58.173,20,NA,NA,20.5,260,NA,NA,0,NA,NA,NA,,,,,,
Ranchos,RA22,3,orange,whole,38.762,54.867,17.9,NA,NA,21,226,NA,NA,0,NA,NA,NA,,,,,,
Ranchos,RA22,4,orange,whole,39.717,50.168,14.2,NA,NA,21.5,206,NA,NA,0,NA,NA,NA,,,,,,
Ranchos,RA22,5,orange,whole,45.516,52.28,13.5,NA,NA,22.5,162,NA,NA,0,NA,NA,NA,,,,,,
Ranchos,RA23,1,orange,whole,NA,42.113,11.5,NA,NA,18.75,199,NA,NA,0,NA,NA,NA,,,,,,
Ranchos,RA23,2,orange,whole,36.777,36.735,9.11,NA,NA,20,82,NA,NA,0,NA,NA,NA,,,,,,
Ranchos,RA23,3,orange,whole,38.128,36.187,13.1,NA,NA,19,125,NA,NA,0,NA,NA,NA,,,,,,
Ranchos,RA23,4,orange,whole,36.637,40.776,12.9,NA,NA,19.25,125,NA,NA,0,NA,NA,NA,,,,,,
Ranchos,RA23,5,orange,whole,31.505,34.333,9.9,NA,NA,20,189,NA,NA,0,NA,NA,NA,,,,,,
Ranchos,RA24,1,orange,whole,40.064,46.226,12.6,NA,NA,21.25,182,NA,NA,0,NA,NA,NA,,,,,,
Ranchos,RA24,2,orange,whole,42.507,51.573,14.7,NA,NA,22,201,NA,NA,0,NA,NA,NA,,,,,,
Ranchos,RA24,3,orange,whole,35,45.485,10.6,NA,NA,21.25,144,NA,NA,0,NA,NA,NA,,,,,,
Ranchos,RA24,4,orange,whole,40.036,47.557,16.5,NA,NA,20,244,NA,NA,0,NA,NA,NA,,,,,,
Ranchos,RA24,5,orange,whole,34.081,42.297,7.1,NA,NA,NA,113,NA,NA,0,NA,NA,NA,,,,,,
Ranchos,RA25,1,orange,whole,35.555,41.039,6.8,NA,NA,18,72,NA,NA,0,NA,NA,NA,,,,,,
Ranchos,RA25,2,orange,whole,40.463,46.155,6.7,NA,NA,NA,0,NA,NA,0,NA,NA,NA,,,,,,
Ranchos,RA25,3,orange,whole,23.142,35.363,NA,NA,NA,NA,NA,NA,NA,NA,NA,NA,NA,,,,,,
Ranchos,RA26,1,orange,whole,36.225,41.423,17.6,NA,NA,8.5,214,NA,NA,0,NA,NA,NA,,,,,,
Ranchos,RA26,2,green,whole,41.402,54.184,15.5,NA,NA,12.25,207,NA,NA,0,NA,NA,NA,,,,,,
Ranchos,RA26,3,green,whole,34.795,50.899,16,NA,NA,12,210,NA,NA,0,NA,NA,NA,,,,,,
Ranchos,RA26,4,green,whole,40.349,47.304,19.4,NA,NA,8.5,229,NA,NA,0,NA,NA,NA,,,,,,
Ranchos,RA27,1,orange,whole,32.412,35.216,9.1,NA,NA,16.5,81,NA,NA,0,NA,NA,NA,,,,,,
Ranchos,RA27,2,green,whole,37.094,43.029,18.1,NA,NA,13.25,197,NA,NA,0,NA,NA,NA,,,,,,
Ranchos,RA27,3,green,whole,35.032,38.226,13.2,NA,NA,14.5,84,NA,NA,0,NA,NA,NA,,,,,,
Ranchos,RA27,4,green,whole,35.223,42.735,17.7,NA,NA,6.5,193,NA,NA,0,NA,NA,NA,,,,,,
Ranchos,RA27,5,green,whole,33.807,37.776,14.3,NA,NA,11.75,97,NA,NA,0,NA,NA,NA,,,,,,
Ranchos,RA28,1,orange,whole,34.642,44.575,9.2,NA,NA,12.25,137,NA,NA,0,NA,NA,NA,,,,,,
Ranchos,RA28,2,orange,whole,35.454,43.741,11.4,NA,NA,11.5,137,NA,NA,0,NA,NA,NA,,,,,,
Ranchos,RA28,3,orange,whole,30.376,41.667,9.7,NA,NA,13.5,122,NA,NA,0,NA,NA,NA,,,,,,
Ranchos,RA28,4,orange,whole,31.022,40.124,8.7,NA,NA,13.75,115,NA,NA,0,NA,NA,NA,,,,,,
Ranchos,RA29,5,green,whole,33.199,40.769,9.3,NA,NA,NA,139,NA,NA,0,NA,NA,NA,,,,,,
Ranchos,RA29,1,green,whole,35.756,40.406,14.4,NA,NA,13.25,175,NA,NA,0,NA,NA,NA,,,,,,
Ranchos,RA29,2,green,whole,33.473,41.253,14.4,NA,NA,13.5,158,NA,NA,0,NA,NA,NA,,,,,,
Ranchos,RA29,3,green,whole,32.185,41.707,14.3,NA,NA,11,151,NA,NA,0,NA,NA,NA,,,,,,
Ranchos,RA29,4,green,whole,34.605,41.732,13.5,NA,NA,11.5,140,NA,NA,0,NA,NA,NA,,,,,,
Ranchos,RA29,5,green,whole,33.926,39.193,12.5,NA,NA,18,133,NA,NA,0,NA,NA,NA,,,,,,
Ranchos,RA30,1,orange,whole,21.901,26.649,1.4,NA,NA,NA,6,NA,NA,0,NA,NA,NA,,,,,,
Ranchos,RA30,2,orange,whole,19.347,30.374,1.4,NA,NA,NA,8,NA,NA,0,NA,NA,NA,,,,,,
Ranchos,RA30,3,orange,whole,26.724,35.077,4.6,NA,NA,12.25,50,NA,NA,0,NA,NA,NA,,,,,,
Ranchos,RA30,4,orange,whole,25.034,39.32,2.5,NA,NA,NA,14,NA,NA,0,NA,NA,NA,,,,,,
Ranchos,RA30,5,orange,whole,21.615,30.989,2.2,NA,NA,NA,13,NA,NA,0,NA,NA,NA,,,,,,
Ranchos,RA31,1,green,whole,43.461,49.869,22.5,NA,NA,10,203,NA,NA,0,NA,NA,NA,,,,,,
Ranchos,RA32,1,orange,whole,26.878,34.343,7.3,NA,NA,11.5,179,NA,NA,0,NA,NA,NA,,,,,,
Ranchos,RA32,2,orange,whole,24.342,33.348,NA,NA,NA,NA,NA,NA,NA,NA,NA,NA,NA,,,,,,
Ranchos,RA33,1,orange,whole,36.534,37.649,11.5,NA,NA,7.75,118,NA,NA,0,NA,NA,NA,,,,,,
Ranchos,RA34,2,orange,whole,40.633,48.341,NA,NA,NA,16.5,NA,NA,NA,NA,NA,NA,NA,,,,,,
Ranchos,RA33,3,green_orange,whole,36.862,42.556,12.5,NA,NA,12.75,151,NA,NA,0,NA,NA,NA,,,,,,
Ranchos,RA33,4,green_orange,whole,35.114,45.366,14.7,NA,NA,14.5,119,NA,NA,0,NA,NA,NA,,,,,,
Ranchos,RA33,5,green_orange,whole,39.112,45.984,17.9,NA,NA,12.25,157,NA,NA,0,NA,NA,NA,,,,,,
Ranchos,RA34,1,green,whole,44.239,46.436,20.9,NA,NA,NA,192,NA,NA,0,NA,NA,NA,,,,,,
Ranchos,RA34,2,green,whole,40.284,41.272,18.1,NA,NA,12.25,178,NA,NA,0,NA,NA,NA,,,,,,
Ranchos,RA34,3,green,whole,39.829,45.601,19.8,NA,NA,13.25,191,NA,NA,0,NA,NA,NA,,,,,,
Ranchos,RA35,1,orange,whole,28.792,27.045,4.9,NA,NA,NA,90,NA,NA,0,NA,NA,NA,,,,,,
Ranchos,RA35,2,green_orange,whole,36.371,38.078,11.3,NA,NA,NA,188,NA,NA,0,NA,NA,NA,,,,,,
Ranchos,RA35,3,green,whole,29.151,30.651,7.9,NA,NA,13.75,107,NA,NA,0,NA,NA,NA,,,,,,
Ranchos,RA36,1,orange,whole,39.432,42.455,13.2,NA,NA,17.25,142,NA,NA,0,NA,NA,NA,,,,,,
Ranchos,RA37,1,green,whole,30.888,31.044,8.6,NA,NA,9,166,NA,NA,0,NA,NA,NA,,,,,,
Ranchos,RA37,2,green,whole,31.674,38.152,11,NA,NA,7,180,NA,NA,0,NA,NA,NA,,,,,,
Ranchos,RA37,3,green,whole,34.462,40.244,15.2,NA,NA,6.75,280,NA,NA,0,NA,NA,NA,,,,,,
Ranchos,RA37,4,green,whole,33.515,39.252,12.6,NA,NA,6.75,232,NA,NA,0,NA,NA,NA,,,,,,
Ranchos,RA38,1,orange,whole,34.356,43.851,7.4,NA,NA,19.25,85,NA,NA,0,NA,NA,NA,,,,,,
Ranchos,RA38,2,orange,whole,28.881,36.455,6,NA,NA,21.25,72,NA,NA,0,NA,NA,NA,,,,,,
Ranchos,RA38,3,orange,whole,28.87,36.868,5.9,NA,NA,12.25,72,NA,NA,0,NA,NA,NA,,,,,,
Ranchos,RA38,4,orange,whole,28.27,41.279,5.6,NA,NA,20.25,54,NA,NA,0,NA,NA,NA,,,,,,
Ranchos,RA38,5,orange,whole,30.405,41.266,6.6,NA,NA,16.25,50,NA,NA,0,NA,NA,NA,,,,,,
Ranchos,RA39,1,orange,whole,32.985,34.26,9.7,NA,NA,19.75,177,NA,NA,0,NA,NA,NA,,,,,,
Ranchos,RA39,2,orange,whole,31.719,34.552,6.8,NA,NA,NA,172,NA,NA,0,NA,NA,NA,,,,,,
Ranchos,RA39,3,orange,whole,31.993,34.644,11.7,NA,NA,17.5,200,NA,NA,0,NA,NA,NA,,,,,,
Ranchos,RA39,4,orange,whole,37.877,40.049,14.7,NA,NA,NA,212,NA,NA,0,NA,NA,NA,,,,,,
Ranchos,RA39,5,orange,whole,36.034,34.91,11.3,NA,NA,18,203,NA,NA,0,NA,NA,NA,,,,,,
Ranchos,RA40,1,orange,whole,45.723,53.259,20.1,NA,NA,18.75,320,NA,NA,0,NA,NA,NA,,,,,,
Ranchos,RA40,2,orange,whole,40.812,44.896,16,NA,NA,18.25,272,NA,NA,0,NA,NA,NA,,,,,,
Ranchos,RA40,3,orange,whole,40.476,45.73,18.1,NA,NA,17.75,293,NA,NA,0,NA,NA,NA,,,,,,
Ranchos,RA40,4,orange,whole,42.96,48.086,19,NA,NA,17.5,315,NA,NA,0,NA,NA,NA,,,,,,
Ranchos,RA40,5,orange,whole,44.29,45.854,18.3,NA,NA,15.75,300,NA,NA,0,NA,NA,NA,,,,,,
Ranchos,RA41,1,orange,whole,47.355,47.499,15.1,NA,NA,21.25,182,NA,NA,0,NA,NA,NA,,,,,,
Ranchos,RA41,2,orange,whole,42.24,45.441,6.9,NA,NA,22,57,NA,NA,0,NA,NA,NA,,,,,,
Ranchos,RA41,3,orange,whole,38.593,45.477,9.5,NA,NA,NA,124,NA,NA,0,NA,NA,NA,,,,,,
Ranchos,RA41,4,orange,whole,44.328,43.159,9.4,NA,NA,20.5,102,NA,NA,0,NA,NA,NA,,,,,,
Ranchos,RA41,5,orange,whole,41.253,42.884,7,NA,NA,18,74,NA,NA,0,NA,NA,NA,,,,,,
Ranchos,RA42,1,orange,whole,39.819,44.186,16.9,NA,NA,20.5,336,NA,NA,0,NA,NA,NA,,,,,,
Ranchos,RA42,2,orange,whole,36.719,41.415,11.6,NA,NA,18,NA,NA,NA,0,NA,NA,NA,,,,,,
Ranchos,RA42,3,orange,whole,32.589,40.967,7.4,NA,NA,17.75,97,NA,NA,0,NA,NA,NA,,,,,,
Ranchos,RA42,4,orange,whole,35.047,45.305,13.3,NA,NA,18.75,265,NA,NA,0,NA,NA,NA,,,,,,
Ranchos,RA42,5,orange,whole,35.797,41.459,10.1,NA,NA,9,137,NA,NA,0,NA,NA,NA,,,,,,
Ranchos,RA43,1,orange,whole,48.579,39.422,14.4,NA,NA,21.75,229,NA,NA,0,NA,NA,NA,,,,,,
Ranchos,RA43,2,orange,whole,49.988,48.571,20.7,NA,NA,21.25,266,NA,NA,0,NA,NA,NA,,,,,,
Ranchos,RA43,3,orange,whole,41.818,47.996,17.6,NA,NA,18.5,253,NA,NA,0,NA,NA,NA,,,,,,
Ranchos,RA43,4,orange,whole,49.661,44.259,22.1,NA,NA,21,243,NA,NA,0,NA,NA,NA,,,,,,
Ranchos,RA43,5,orange,whole,46.01,46.082,17.3,NA,NA,20.5,209,NA,NA,0,NA,NA,NA,,,,,,
Ranchos,RA44,1,orange,whole,33.918,42.083,12.1,NA,NA,16.5,164,NA,NA,0,NA,NA,NA,,,,,,
Ranchos,RA44,2,green,whole,40.451,56.293,17.3,NA,NA,NA,174,NA,NA,0,NA,NA,NA,,,,,,
Ranchos,RA44,3,green,whole,34.937,51.494,14.7,NA,NA,6,161,NA,NA,0,NA,NA,NA,,,,,,
Ranchos,RA44,4,green,whole,36.041,56.283,14,NA,NA,NA,121,NA,NA,0,NA,NA,NA,,,,,,
Ranchos,RA44,5,green,whole,36.156,52.931,12.9,NA,NA,NA,150,NA,NA,0,NA,NA,NA,,,,,,
Ranchos,RA45,1,orange,whole,34.203,40.253,8,NA,NA,18.5,139,NA,NA,0,NA,NA,NA,,,,,,
Ranchos,RA45,2,orange,whole,35.021,40.134,7.5,NA,NA,NA,119,NA,NA,1,NA,NA,NA,,,,,,
Ranchos,RA45,3,orange,whole,40.752,42.962,17.1,NA,NA,17,263,NA,NA,0,NA,NA,NA,,,,,,
Ranchos,RA45,4,orange,whole,36.523,40.156,NA,NA,NA,NA,NA,NA,NA,NA,NA,NA,NA,,,,,,
Ranchos,RA45,5,orange,whole,33.25,33.952,8,NA,NA,NA,175,NA,NA,1,NA,NA,NA,,,,,,
Ranchos,RA46,1,orange,whole,33.446,36.418,9.2,NA,NA,20.25,162,NA,NA,0,NA,NA,NA,,,,,,
Ranchos,RA46,2,orange,whole,21.131,22.624,2.7,NA,NA,28.25,31,NA,NA,0,NA,NA,NA,,,,,,
Ranchos,RA46,3,orange,whole,23.62,26.382,3.6,NA,NA,21.75,49,NA,NA,0,NA,NA,NA,,,,,,
Ranchos,RA46,4,orange,whole,33.928,39.121,10.8,NA,NA,20.25,183,NA,NA,0,NA,NA,NA,,,,,,
Ranchos,RA46,5,orange,whole,35.382,39.357,11.4,NA,NA,18.75,179,NA,NA,0,NA,NA,NA,,,,,,
Ranchos,RA47,1,orange,whole,36.416,38.506,11,NA,NA,20.5,169,NA,NA,0,NA,NA,NA,,,,,,
Ranchos,RA47,2,orange,whole,33.034,31.7,6.8,NA,NA,21,120,NA,NA,0,NA,NA,NA,,,,,,
Ranchos,RA47,3,orange,whole,32.9,39.581,9.7,NA,NA,19.5,161,NA,NA,0,NA,NA,NA,,,,,,
Ranchos,RA47,4,orange,whole,30.827,38.106,6.3,NA,NA,21,96,NA,NA,0,NA,NA,NA,,,,,,
Ranchos,RA47,5,orange,whole,31.252,36.605,7.2,NA,NA,20.75,122,NA,NA,0,NA,NA,NA,,,,,,
Ranchos,RA47,1,orange,whole,38.478,50.249,NA,NA,NA,NA,NA,NA,NA,NA,NA,NA,NA,,,,,,
Ranchos,RA48,2,orange,whole,36.056,41.903,11.9,NA,NA,NA,161,NA,NA,0,NA,NA,NA,,,,,,
Ranchos,RA48,3,orange,whole,43.504,49.76,18.8,NA,NA,NA,209,NA,NA,0,NA,NA,NA,,,,,,
Ranchos,RA49,1,orange,whole,49.575,49.091,13.9,NA,NA,NA,218,NA,NA,0,NA,NA,NA,,,,,,
Ranchos,RA49,2,orange,whole,46.371,48.167,15.7,NA,NA,19.5,228,NA,NA,0,NA,NA,NA,,,,,,
Ranchos,RA49,3,orange,whole,43.486,47.51,12.7,NA,NA,15.75,211,NA,NA,0,NA,NA,NA,,,,,,
Ranchos,RA49,4,orange,whole,42.431,45.922,13.7,NA,NA,NA,193,NA,NA,0,NA,NA,NA,,,,,,
Ranchos,RA49,5,orange,whole,42.687,42.142,10.1,NA,NA,20,162,NA,NA,0,NA,NA,NA,,,,,,
Ranchos,RA50,1,orange,whole,42.654,47.275,16.5,NA,NA,23,218,NA,NA,0,NA,NA,NA,,,,,,
Ranchos,RA50,2,orange,whole,44.794,49.791,20.1,NA,NA,19,249,NA,NA,0,NA,NA,NA,,,,,,
Ranchos,RA50,3,orange,whole,40.57,48.207,13.1,NA,NA,19.25,215,NA,NA,0,NA,NA,NA,,,,,,
Ranchos,RA50,4,orange,whole,38.756,45.511,16.4,NA,NA,19.75,209,NA,NA,0,NA,NA,NA,,,,,,
Ranchos,RA50,5,orange,whole,39.816,42.58,13.2,NA,NA,NA,194,NA,NA,0,NA,NA,NA,,,,,,
Santa_Fe,SFE01,1,orange,whole,43.953,NA,27.2,NA,NA,NA,262,NA,NA,0,NA,NA,NA,,,,,,
Santa_Fe,SFE01,2,green_orange,whole,42.182,NA,27.1,NA,NA,NA,271,NA,NA,0,NA,NA,NA,,,,,,
Santa_Fe,SFE01,3,orange,whole,40.809,NA,28.4,NA,NA,NA,246,NA,NA,0,NA,NA,NA,,,,,,
Santa_Fe,SFE01,4,orange,whole,30.617,NA,11.9,NA,NA,NA,88,NA,NA,0,NA,NA,NA,,,,,,
Santa_Fe,SFE01,5,orange,whole,42.608,NA,26.7,NA,NA,NA,230,NA,NA,1,NA,NA,NA,,,,,,
Santa_Fe,SFE02,1,orange,whole,39.167,NA,31.5,NA,NA,NA,257,NA,NA,0,NA,NA,NA,,,,,,
Santa_Fe,SFE02,2,orange,whole,40.842,NA,13.2,NA,NA,NA,151,NA,NA,0,NA,NA,NA,,,,,,
Santa_Fe,SFE02,3,orange,whole,37.509,NA,28.9,NA,NA,NA,220,NA,NA,0,NA,NA,NA,,,,,,
Santa_Fe,SFE02,4,orange,whole,40.833,NA,22,NA,NA,NA,223,NA,NA,0,NA,NA,NA,,,,,,
Santa_Fe,SFE02,5,orange,whole,37.509,NA,20.7,NA,NA,NA,145,NA,NA,0,NA,NA,NA,,,,,,
Santa_Fe,SFE03,1,orange,whole,43.351,NA,22,NA,NA,NA,219,NA,NA,0,NA,NA,NA,,,,,,
Santa_Fe,SFE03,2,orange,whole,39.167,NA,21.4,NA,NA,NA,240,NA,NA,1,NA,NA,NA,,,,,,
Santa_Fe,SFE03,3,orange,whole,37.919,NA,19.8,NA,NA,NA,201,NA,NA,0,NA,NA,NA,,,,,,
Santa_Fe,SFE03,4,orange,whole,34.586,NA,13.1,NA,NA,NA,160,NA,NA,0,NA,NA,NA,,,,,,
Santa_Fe,SFE03,5,orange,whole,42.917,NA,25.5,NA,NA,NA,241,NA,NA,0,NA,NA,NA,,,,,,
Santa_Fe,SFE04,1,orange,whole,43.428,NA,27,NA,NA,NA,266,NA,NA,0,NA,NA,NA,,,,,,
Santa_Fe,SFE04,2,orange,whole,43.394,NA,28.2,NA,NA,NA,254,NA,NA,1,NA,NA,NA,,,,,,
Santa_Fe,SFE04,3,orange,whole,43.403,NA,30.3,NA,NA,NA,298,NA,NA,0,NA,NA,NA,,,,,,
Santa_Fe,SFE04,4,orange,whole,36.59,NA,18.2,NA,NA,NA,174,NA,NA,0,NA,NA,NA,,,,,,
Santa_Fe,SFE04,5,green_orange,whole,42.118,NA,23.3,NA,NA,NA,218,NA,NA,0,NA,NA,NA,,,,,,
Santa_Fe,SFE05,1,orange,whole,33.041,NA,12.4,NA,NA,NA,87,NA,NA,0,NA,NA,NA,,,,,,
Santa_Fe,SFE05,2,orange,whole,40.265,NA,27.1,NA,NA,NA,266,NA,NA,0,NA,NA,NA,,,,,,
Santa_Fe,SFE05,3,orange,whole,36.056,NA,18.9,NA,NA,NA,198,NA,NA,0,NA,NA,NA,,,,,,
Santa_Fe,SFE05,4,orange,whole,40.046,NA,23.9,NA,NA,NA,233,NA,NA,0,NA,NA,NA,,,,,,
Santa_Fe,SFE05,5,orange,whole,43.084,NA,21.1,NA,NA,NA,208,NA,NA,0,NA,NA,NA,,,,,,
Santa_Fe,SFE06,1,orange,whole,35.673,NA,13,NA,NA,NA,130,NA,NA,1,NA,NA,NA,,,,,,
Santa_Fe,SFE06,2,orange,whole,40.934,NA,16.9,NA,NA,NA,159,NA,NA,0,NA,NA,NA,,,,,,
Santa_Fe,SFE06,3,orange,whole,27.269,NA,4.6,NA,NA,NA,74,NA,NA,0,NA,NA,NA,,,,,,
Santa_Fe,SFE06,4,orange,whole,32.037,NA,12,NA,NA,NA,104,NA,NA,0,NA,NA,NA,,,,,,
Santa_Fe,SFE06,5,orange,whole,37.805,NA,20.2,NA,NA,NA,199,NA,NA,0,NA,NA,NA,,,,,,
Santa_Fe,SFE07,1,orange,whole,39.074,NA,24.8,NA,NA,NA,291,NA,NA,0,NA,NA,NA,,,,,,
Santa_Fe,SFE07,2,orange,whole,31.449,NA,11.6,NA,NA,NA,110,NA,NA,0,NA,NA,NA,,,,,,
Santa_Fe,SFE07,3,green_orange,whole,41.811,NA,22.9,NA,NA,NA,190,NA,NA,0,NA,NA,NA,,,,,,
Santa_Fe,SFE07,4,orange,whole,40.432,NA,24.3,NA,NA,NA,301,NA,NA,0,NA,NA,NA,,,,,,
Santa_Fe,SFE07,5,orange,whole,37.886,NA,15.5,NA,NA,NA,144,NA,NA,0,NA,NA,NA,,,,,,
Santa_Fe,SFE08,1,orange,whole,40.456,NA,19.7,NA,NA,NA,220,NA,NA,0,NA,NA,NA,,,,,,
Santa_Fe,SFE08,2,orange,whole,43.715,NA,22.1,NA,NA,NA,251,NA,NA,0,NA,NA,NA,,,,,,
Santa_Fe,SFE08,3,green_orange,whole,35.923,NA,16.3,NA,NA,NA,171,NA,NA,0,NA,NA,NA,,,,,,
Santa_Fe,SFE08,4,green_orange,whole,39.568,NA,20.3,NA,NA,NA,218,NA,NA,0,NA,NA,NA,,,,,,
Santa_Fe,SFE08,5,orange,whole,31.635,NA,11.1,NA,NA,NA,137,NA,NA,1,NA,NA,NA,,,,,,
Santa_Fe,SFE09,1,orange,whole,42.988,NA,19.9,NA,NA,NA,240,NA,NA,0,NA,NA,NA,,,,,,
Santa_Fe,SFE09,2,green_orange,whole,28.914,NA,11.1,NA,NA,NA,90,NA,NA,0,NA,NA,NA,,,,,,
Santa_Fe,SFE09,3,orange,whole,34.76,NA,19.4,NA,NA,NA,201,NA,NA,0,NA,NA,NA,,,,,,
Santa_Fe,SFE09,4,orange,whole,34.92,NA,14,NA,NA,NA,138,NA,NA,0,NA,NA,NA,,,,,,
Santa_Fe,SFE09,5,orange,whole,45.342,NA,28.7,NA,NA,NA,310,NA,NA,0,NA,NA,NA,,,,,,
Santa_Fe,SFE10,1,orange,whole,40.225,NA,22.1,NA,NA,NA,260,NA,NA,0,NA,NA,NA,,,,,,
Santa_Fe,SFE10,2,orange,whole,42.952,NA,19.3,NA,NA,NA,251,NA,NA,0,NA,NA,NA,,,,,,
Santa_Fe,SFE10,3,green_orange,whole,34.096,NA,21.4,NA,NA,NA,279,NA,NA,0,NA,NA,NA,,,,,,
Santa_Fe,SFE10,4,orange,whole,34.877,NA,18,NA,NA,NA,221,NA,NA,0,NA,NA,NA,,,,,,
Santa_Fe,SFE10,5,green_orange,whole_,46.465,NA,26.3,NA,NA,NA,289,NA,NA,0,NA,NA,NA,,,,,,
Santa_Fe,SFE11,1,orange,whole,35.9,NA,27.1,NA,NA,NA,292,NA,NA,0,NA,NA,NA,,,,,,
Santa_Fe,SFE11,2,orange,whole,39.42,NA,16.8,NA,NA,NA,181,NA,NA,0,NA,NA,NA,,,,,,
Santa_Fe,SFE11,3,green_orange,whole,40.59,NA,12.9,NA,NA,NA,147,NA,NA,0,NA,NA,NA,,,,,,
Santa_Fe,SFE11,4,orange,whole,41.219,NA,15.1,NA,NA,NA,154,NA,NA,0,NA,NA,NA,,,,,,
Santa_Fe,SFE11,5,orange,whole,40.59,NA,28.8,NA,NA,NA,324,NA,NA,0,NA,NA,NA,,,,,,
Santa_Fe,SFE12,1,orange,whole,45.005,NA,27.6,NA,NA,NA,303,NA,NA,0,NA,NA,NA,,,,,,
Santa_Fe,SFE12,2,green,whole,38.757,NA,20,NA,NA,NA,210,NA,NA,1,NA,NA,NA,,,,,,
Santa_Fe,SFE12,3,orange,whole,29.998,NA,12,NA,NA,NA,109,NA,NA,0,NA,NA,NA,,,,,,
Santa_Fe,SFE12,4,orange,whole,37.091,NA,13.9,NA,NA,NA,137,NA,NA,0,NA,NA,NA,,,,,,
Santa_Fe,SFE12,5,orange,whole,45.848,NA,22.8,NA,NA,NA,219,NA,NA,0,NA,NA,NA,,,,,,
Santa_Fe,SFE13,1,orange,whole,30.552,NA,17.4,NA,NA,NA,166,NA,NA,0,NA,NA,NA,,,,,,
Santa_Fe,SFE13,2,orange,whole,36.005,NA,22,NA,NA,NA,248,NA,NA,0,NA,NA,NA,,,,,,
Santa_Fe,SFE13,3,orange,whole,33.605,NA,20.2,NA,NA,NA,239,NA,NA,0,NA,NA,NA,,,,,,
Santa_Fe,SFE13,4,orange,whole,37.2,NA,19.7,NA,NA,NA,262,NA,NA,0,NA,NA,NA,,,,,,
Santa_Fe,SFE13,5,orange,whole,36.045,NA,20.9,NA,NA,NA,266,NA,NA,0,NA,NA,NA,,,,,,
Santa_Fe,SFE14,1,orange,whole,38.342,NA,17,NA,NA,NA,191,NA,NA,0,NA,NA,NA,,,,,,
Santa_Fe,SFE14,2,orange,whole,29.193,NA,9.2,NA,NA,NA,75,NA,NA,1,NA,NA,NA,,,,,,
Santa_Fe,SFE14,3,orange,whole,35.964,NA,16.8,NA,NA,NA,180,NA,NA,0,NA,NA,NA,,,,,,
Santa_Fe,SFE14,4,orange,whole,37.937,NA,18.4,NA,NA,NA,204,NA,NA,1,NA,NA,NA,,,,,,
Santa_Fe,SFE14,5,orange,whole,46.072,NA,24,NA,NA,NA,308,NA,NA,0,NA,NA,NA,,,,,,
Santa_Fe,SFE15,1,orange,whole,38.244,NA,13.1,NA,NA,NA,146,NA,NA,0,NA,NA,NA,,,,,,
Santa_Fe,SFE15,2,orange,whole,35.943,NA,18.6,NA,NA,NA,203,NA,NA,0,NA,NA,NA,,,,,,
Santa_Fe,SFE15,3,orange,whole,37.947,NA,17.6,NA,NA,NA,181,NA,NA,0,NA,NA,NA,,,,,,
Santa_Fe,SFE15,4,orange,whole,39.352,NA,21.7,NA,NA,NA,197,NA,NA,0,NA,NA,NA,,,,,,
Santa_Fe,SFE15,5,orange,whole,33.274,NA,9.2,NA,NA,NA,112,NA,NA,0,NA,NA,NA,,,,,,
Santa_Fe,SFE16,1,orange,whole,32.373,NA,10.2,NA,NA,NA,95,NA,NA,0,NA,NA,NA,,,,,,
Santa_Fe,SFE16,2,orange,whole,35.895,NA,13.1,NA,NA,NA,151,NA,NA,0,NA,NA,NA,,,,,,
Santa_Fe,SFE16,3,orange,whole,38.221,NA,22.3,NA,NA,NA,247,NA,NA,0,NA,NA,NA,,,,,,
Santa_Fe,SFE16,4,orange,whole,33.574,NA,16.8,NA,NA,NA,190,NA,NA,0,NA,NA,NA,,,,,,
Santa_Fe,SFE16,5,orange,whole,39.685,NA,24.8,NA,NA,NA,285,NA,NA,0,NA,NA,NA,,,,,,
Santa_Fe,SFE17,1,orange,whole,37.985,NA,9.2,NA,NA,NA,97,NA,NA,0,NA,NA,NA,,,,,,
Santa_Fe,SFE17,2,orange,whole,36.717,NA,17.3,NA,NA,NA,241,NA,NA,0,NA,NA,NA,,,,,,
Santa_Fe,SFE17,3,orange,whole,40.463,NA,22.4,NA,NA,NA,254,NA,NA,0,NA,NA,NA,,,,,,
Santa_Fe,SFE17,4,orange,whole,36.819,NA,22.7,NA,NA,NA,271,NA,NA,0,NA,NA,NA,,,,,,
Santa_Fe,SFE17,5,orange,whole,40.758,NA,13.2,NA,NA,NA,149,NA,NA,0,NA,NA,NA,,,,,,
Santa_Fe,SFE18,1,orange,whole,41.258,NA,24.9,NA,NA,NA,164,NA,NA,0,NA,NA,NA,,,,,,
Santa_Fe,SFE18,2,orange,whole,35.939,NA,13.2,NA,NA,NA,89,NA,NA,1,NA,NA,NA,,,,,,
Santa_Fe,SFE18,3,orange,whole,42.933,NA,25.7,NA,NA,NA,116,NA,NA,0,NA,NA,NA,,,,,,
Santa_Fe,SFE18,4,orange,whole,38.576,NA,19.5,NA,NA,NA,81,NA,NA,0,NA,NA,NA,,,,,,
Santa_Fe,SFE18,5,orange,whole,40.496,NA,17.8,NA,NA,NA,27,NA,NA,0,NA,NA,NA,,,,,,
Santa_Fe,SFE19,1,orange,whole,37.364,NA,18.5,NA,NA,NA,172,NA,NA,0,NA,NA,NA,,,,,,
Santa_Fe,SFE19,2,orange,whole,42.139,NA,20.5,NA,NA,NA,247,NA,NA,1,NA,NA,NA,,,,,,
Santa_Fe,SFE19,3,orange,whole,42.386,NA,17.7,NA,NA,NA,164,NA,NA,0,NA,NA,NA,,,,,,
Santa_Fe,SFE19,4,orange,whole,40.929,NA,21.7,NA,NA,NA,181,NA,NA,0,NA,NA,NA,,,,,,
Santa_Fe,SFE19,5,orange,whole,41.85,NA,20.4,NA,NA,NA,209,NA,NA,0,NA,NA,NA,,,,,,
Santa_Fe,SFE20,1,orange,whole,29.159,NA,8.1,NA,NA,NA,76,NA,NA,0,NA,NA,NA,,,,,,
Santa_Fe,SFE20,2,orange,whole,41.912,NA,20.8,NA,NA,NA,233,NA,NA,0,NA,NA,NA,,,,,,
Santa_Fe,SFE20,3,orange,whole,40.425,NA,22.9,NA,NA,NA,277,NA,NA,0,NA,NA,NA,,,,,,
Santa_Fe,SFE20,4,orange,whole,37.817,NA,12.9,NA,NA,NA,145,NA,NA,0,NA,NA,NA,,,,,,
Santa_Fe,SFE20,5,orange,whole,43.348,NA,17.2,NA,NA,NA,179,NA,NA,0,NA,NA,NA,,,,,,
Santa_Fe,SFE21,1,orange,whole,41.681,NA,17.4,NA,NA,NA,189,NA,NA,0,NA,NA,NA,,,,,,
Santa_Fe,SFE21,2,orange,whole,37.78,NA,18.3,NA,NA,NA,168,NA,NA,0,NA,NA,NA,,,,,,
Santa_Fe,SFE21,3,orange,whole,38.218,NA,21.4,NA,NA,NA,251,NA,NA,0,NA,NA,NA,,,,,,
Santa_Fe,SFE21,4,orange,whole,39.367,NA,16.8,NA,NA,NA,174,NA,NA,0,NA,NA,NA,,,,,,
Santa_Fe,SFE21,5,orange,whole,42.69,NA,22.1,NA,NA,NA,268,NA,NA,0,NA,NA,NA,,,,,,
Santa_Fe,SFE22,1,orange,whole,41.073,NA,20.2,NA,NA,NA,261,NA,NA,0,NA,NA,NA,,,,,,
Santa_Fe,SFE22,2,orange,whole,41.37,NA,16,NA,NA,NA,181,NA,NA,1,NA,NA,NA,,,,,,
Santa_Fe,SFE22,3,orange,whole,39.465,NA,20.8,NA,NA,NA,237,NA,NA,0,NA,NA,NA,,,,,,
Santa_Fe,SFE22,4,orange,whole,40.95,NA,22.4,NA,NA,NA,289,NA,NA,0,NA,NA,NA,,,,,,
Santa_Fe,SFE22,5,orange,whole,34.728,NA,13.6,NA,NA,NA,128,NA,NA,0,NA,NA,NA,,,,,,
Santa_Fe,SFE23,1,orange,whole,38.419,NA,12.5,NA,NA,NA,131,NA,NA,0,NA,NA,NA,,,,,,
Santa_Fe,SFE23,2,orange,whole,39.89,NA,15.6,NA,NA,NA,147,NA,NA,0,NA,NA,NA,,,,,,
Santa_Fe,SFE23,3,orange,whole,31.436,NA,20.2,NA,NA,NA,196,NA,NA,0,NA,NA,NA,,,,,,
Santa_Fe,SFE23,4,orange,whole,38.419,NA,17.2,NA,NA,NA,201,NA,NA,0,NA,NA,NA,,,,,,
Santa_Fe,SFE23,5,orange,whole,42.137,NA,20.7,NA,NA,NA,174,NA,NA,0,NA,NA,NA,,,,,,
Santa_Fe,SFE24,1,orange,whole,41.27,NA,20.5,NA,NA,NA,248,NA,NA,0,NA,NA,NA,,,,,,
Santa_Fe,SFE24,2,orange,whole,38.696,NA,20.7,NA,NA,NA,258,NA,NA,0,NA,NA,NA,,,,,,
Santa_Fe,SFE24,3,orange,whole,36.953,NA,22.8,NA,NA,NA,241,NA,NA,0,NA,NA,NA,,,,,,
Santa_Fe,SFE24,4,orange,whole,41.011,NA,16.7,NA,NA,NA,166,NA,NA,1,NA,NA,NA,,,,,,
Santa_Fe,SFE24,5,orange,whole,42.511,NA,20.2,NA,NA,NA,204,NA,NA,0,NA,NA,NA,,,,,,
Santa_Fe,SFE25,1,orange,whole,32.604,NA,16.2,NA,NA,NA,135,NA,NA,0,NA,NA,NA,,,,,,
Santa_Fe,SFE25,2,orange,whole,35.714,NA,25,NA,NA,NA,288,NA,NA,0,NA,NA,NA,,,,,,
Santa_Fe,SFE25,3,orange,whole,29.184,NA,11.6,NA,NA,NA,164,NA,NA,0,NA,NA,NA,,,,,,
Santa_Fe,SFE25,4,orange,whole,31.287,NA,20.5,NA,NA,NA,241,NA,NA,0,NA,NA,NA,,,,,,
Santa_Fe,SFE25,5,orange,whole,38.235,NA,31,NA,NA,NA,291,NA,NA,0,NA,NA,NA,,,,,,
Santa_Fe,SFE26,1,orange,whole,41.894,NA,20.5,NA,NA,NA,251,NA,NA,0,NA,NA,NA,,,,,,
Santa_Fe,SFE26,2,orange,whole,41.034,NA,18.2,NA,NA,NA,157,NA,NA,1,NA,NA,NA,,,,,,
Santa_Fe,SFE26,3,orange,whole,45.895,NA,31.9,NA,NA,NA,334,NA,NA,0,NA,NA,NA,,,,,,
Santa_Fe,SFE26,4,orange,whole,34.272,NA,11.5,NA,NA,NA,119,NA,NA,0,NA,NA,NA,,,,,,
Santa_Fe,SFE26,5,orange,whole,31.235,NA,6.2,NA,NA,NA,72,NA,NA,0,NA,NA,NA,,,,,,
Santa_Fe,SFE27,1,orange,whole,33.083,NA,10.4,NA,NA,NA,99,NA,NA,0,NA,NA,NA,,,,,,
Santa_Fe,SFE27,2,orange,whole,43.053,NA,28.8,NA,NA,NA,278,NA,NA,0,NA,NA,NA,,,,,,
Santa_Fe,SFE27,3,green,whole,34.621,NA,21.6,NA,NA,NA,190,NA,NA,0,NA,NA,NA,,,,,,
Santa_Fe,SFE28,1,orange,whole,34.472,NA,8.1,NA,NA,NA,120,NA,NA,0,NA,NA,NA,,,,,,
Santa_Fe,SFE28,2,orange,whole,39.844,NA,15.2,NA,NA,NA,141,NA,NA,0,NA,NA,NA,,,,,,
Santa_Fe,SFE29,1,green,whole,40.91,NA,21.6,NA,NA,NA,270,NA,NA,0,NA,NA,NA,,,,,,
Santa_Fe,SFE29,2,orange,whole,43.365,NA,25,NA,NA,NA,307,NA,NA,0,NA,NA,NA,,,,,,
Santa_Fe,SFE28,1,orange,whole,34.106,NA,8.6,NA,NA,NA,108,NA,NA,0,NA,NA,NA,,,,,,
Santa_Fe,SFE28,2,orange,whole,34.146,NA,8.7,NA,NA,NA,97,NA,NA,0,NA,NA,NA,,,,,,
Santa_Fe,SFE28,3,orange,whole,26.677,NA,5.6,NA,NA,NA,83,NA,NA,0,NA,NA,NA,,,,,,
Santa_Fe,SFE29,1,orange,whole,36.543,NA,22.7,NA,NA,NA,193,NA,NA,0,NA,NA,NA,,,,,,
Santa_Fe,SFE29,2,orange,whole,34.502,NA,20.7,NA,NA,NA,184,NA,NA,0,NA,NA,NA,,,,,,
Santa_Fe,SFE29,1,orange,whole,31.429,NA,19.4,NA,NA,NA,217,NA,NA,1,NA,NA,NA,,,,,,
San_Miguel,TU4,1,orange,whole,30.14,29.30,AMARILLO: NO COINCIDE CON BASE 2020-2021,NA,NA,NA,NA,NA,NA,NA,NA,NA,NA,,,,,,
San_Miguel,TU4,2,orange,whole,27.81,28.91,NA,NA,NA,NA,NA,NA,NA,NA,NA,NA,NA,,,,,,
San_Miguel,TU4,3,orange,whole,25.02,26.37,NA,NA,NA,NA,NA,NA,NA,NA,NA,NA,NA,,,,,,
San_Miguel,TU54,1,green_orange,whole,24.64,27.54,2.12,1.73,0.38,10.00,9,0.031,5,0,0.056,0.328,5.882,,,,,,
San_Miguel,TU54,2,green_orange,whole,35.56,42.88,15.00,7.07,7.93,11.00,149,0.051,5,0,1.520,6.411,4.218,,,,,,
San_Miguel,TU54,3,green,whole,24.40,31.63,3.79,NA,NA,NA,NA,NA,5,0,NA,NA,NA,,,,,,
San_Miguel,TU54,4,orange,whole,31.74,41.80,9.50,4.91,4.59,5.75,112,0.035,5,0,0.784,3.805,4.853,,,,,,
San_Miguel,TU56,1,orange,whole,34.00,43.89,NA,NA,NA,NA,NA,NA,NA,NA,NA,NA,NA,,,,,,
San_Miguel,TU56,2,green,whole,30.03,35.61,NA,NA,NA,NA,NA,NA,NA,NA,NA,NA,NA,,,,,,
San_Miguel,TU57,1,orange,whole,43.05,44.68,NA,NA,NA,NA,NA,NA,NA,NA,NA,NA,NA,,,,,,
San_Miguel,TU57,2,orange,whole,23.47,28.66,NA,NA,NA,NA,NA,NA,NA,NA,NA,NA,NA,,,,,,
San_Miguel,TU62,1,orange,whole,33.06,46.97,NA,NA,NA,NA,NA,NA,NA,NA,NA,NA,NA,,,,,,
San_Miguel,TU62,2,orange,whole,44.22,45.18,NA,NA,NA,NA,NA,NA,NA,NA,NA,NA,NA,,,,,,
San_Miguel,TU62,3,orange,whole,26.78,35.18,NA,NA,NA,NA,NA,NA,NA,NA,NA,NA,NA,,,,,,
San_Miguel,TU64,1,orange,whole,50.01,48.45,NA,NA,NA,NA,NA,NA,NA,NA,NA,NA,NA,,,,,,
San_Miguel,TU64,2,green,whole,42.14,47.68,NA,NA,NA,NA,NA,NA,NA,NA,NA,NA,NA,,,,,,
San_Miguel,TU64,3,green,whole,40.60,44.49,NA,NA,NA,NA,NA,NA,NA,NA,NA,NA,NA,,,,,,
San_Miguel,TU64,4,green,whole,34.30,33.01,NA,NA,NA,NA,NA,NA,NA,NA,NA,NA,NA,,,,,,
San_Miguel,TU66,1,orange,whole,31.92,35.86,NA,NA,NA,NA,NA,NA,NA,NA,NA,NA,NA,,,,,,
San_Miguel,TU66,2,green_orange,whole,45.12,47.39,NA,NA,NA,NA,NA,NA,NA,NA,NA,NA,NA,,,,,,
San_Miguel,TU66,3,green_orange,whole,44.98,47.16,NA,NA,NA,NA,NA,NA,NA,NA,NA,NA,NA,,,,,,
San_Miguel,TU66,4,orange,whole,38.88,37.25,NA,NA,NA,NA,NA,NA,NA,NA,NA,NA,NA,,,,,,
San_Miguel,TU69,1,green,whole,41.78,57.62,26.27,15.09,11.06,9.75,258,0.052,5,0,2.683,8.377,3.122,,,,,,
San_Miguel,TU69,2,orange,highly_pecked,48.42,56.75,8.87,8.87,NA,NA,NA,NA,NA,0,NA,NA,NA,,,,,,
San_Miguel,TU69,3,green_orange,highly_pecked,44.59,57.72,9.77,9.77,NA,NA,NA,NA,NA,0,NA,NA,NA,,,,,,
San_Miguel,TU69,4,orange,little_pecked,32.57,38.37,6.43,4.01,2.40,12.00,69,0.053,5,0,0.731,1.668,2.280,,,,,,
San_Miguel,TU70,1,orange,highly_pecked,35.37,NA,NA,NA,NA,NA,NA,NA,NA,NA,NA,NA,NA,,,,,,
San_Miguel,TU70,2,orange,highly_pecked,35.13,NA,NA,NA,NA,NA,NA,NA,NA,NA,NA,NA,NA,,,,,,
San_Miguel,TU70,3,orange,highly_pecked,41.26,NA,NA,NA,NA,NA,NA,NA,NA,NA,NA,NA,NA,,,,,,
San_Miguel,TU72,1,green_orange,whole,31.69,35.46,NA,NA,NA,NA,NA,NA,NA,NA,NA,NA,NA,,,,,,
San_Miguel,TU72,2,green,whole,32.80,33.49,NA,NA,NA,NA,NA,NA,NA,NA,NA,NA,NA,,,,,,
San_Miguel,TU72,3,green,whole,33.78,36.77,NA,NA,NA,NA,NA,NA,NA,NA,NA,NA,NA,,,,,,
San_Miguel,TU72,4,green,whole,48.30,49.71,NA,NA,NA,NA,NA,NA,NA,NA,NA,NA,NA,,,,,,
San_Miguel,TU72,5,green_orange,whole,32.44,36.98,NA,NA,NA,NA,NA,NA,NA,NA,NA,NA,NA,,,,,,
San_Miguel,TU8,1,orange,whole,32.46,36.19,NA,NA,NA,NA,NA,NA,NA,NA,NA,NA,NA,,,,,,
San_Miguel,TU8,2,orange,little_pecked,38.24,40.16,NA,NA,NA,NA,NA,NA,NA,NA,NA,NA,NA,,,,,,
San_Miguel,TU8,3,green,whole,32.74,34.53,NA,NA,NA,NA,NA,NA,NA,NA,NA,NA,NA,,,,,,
San_Miguel,TU9,1,orange,whole,35.06,50.58,NA,NA,NA,NA,NA,NA,NA,NA,NA,NA,NA,,,,,,
San_Miguel,TU9,2,orange,whole,25.67,39.05,NA,NA,NA,NA,NA,NA,NA,NA,NA,NA,NA,,,,,,
San_Miguel,TU9,3,orange,whole,25.22,35.62,NA,NA,NA,NA,NA,NA,NA,NA,NA,NA,NA,,,,,,
San_Miguel,TU12,1,green_orange,whole,35.12,38.44,11.28,5.85,5.43,12.75,197,0.030,5,0,1.182,4.252,3.597,,,,,,
San_Miguel,TU12,2,green_orange,whole,27.38,31.25,5.10,3.46,1.64,9.50,59,0.039,5,0,0.460,1.175,2.553,,,,,,
San_Miguel,TU12,3,orange,whole,31.40,34.76,4.18,3.01,1.17,6.25,45,0.038,5,0,0.342,0.827,2.418,,,,,,
San_Miguel,TU12,4,orange,whole,30.15,34.48,7.28,4.17,3.10,14.75,142,0.041,5,0,1.164,1.940,1.666,,,,,,
San_Miguel,TU12,5,orange,whole,35.40,37.22,10.20,5.91,4.29,14.50,178,0.039,5,0,1.388,2.905,2.092,,,,,,
San_Miguel,TU13,1,orange,whole,34.16,48.17,6.17,NA,NA,9.50,91,0.051,5,0,0.928,NA,NA,,,,,,
San_Miguel,TU13,2,orange,whole,37.78,47.00,11.51,7.03,4.49,14.00,163,0.049,5,0,1.597,2.888,1.808,,,,,,
San_Miguel,TU13,3,orange,whole,31.14,39.68,8.84,6.35,2.50,12.25,77,0.055,5,0,0.847,1.652,1.950,,,,,,
San_Miguel,TU13,4,orange,whole,40.72,47.99,10.81,6.78,4.03,12.75,170,0.045,5,0,1.530,2.501,1.635,,,,,,
San_Miguel,TU13,5,orange,whole,34.81,42.97,6.90,4.36,2.54,9.50,67,0.057,5,0,0.764,1.775,2.324,,,,,,
San_Miguel,TU14,1,orange,whole,35.09,41.60,NA,NA,NA,NA,NA,NA,NA,NA,NA,NA,NA,,,,,,
San_Miguel,TU14,2,orange,whole,28.50,30.95,NA,NA,NA,NA,NA,NA,NA,NA,NA,NA,NA,,,,,,
San_Miguel,TU14,3,green,whole,27.92,33.91,NA,NA,NA,NA,NA,NA,NA,NA,NA,NA,NA,,,,,,
San_Miguel,TU16,1,orange,whole,32.90,33.98,NA,NA,NA,NA,NA,NA,NA,NA,NA,NA,NA,,,,,,
San_Miguel,TU16,2,orange,whole,23.16,31.09,NA,NA,NA,NA,NA,NA,NA,NA,NA,NA,NA,,,,,,
San_Miguel,TU16,3,green,whole,35.28,37.57,NA,NA,NA,NA,NA,NA,NA,NA,NA,NA,NA,,,,,,
San_Miguel,TU16,4,green,whole,44.24,48.83,NA,NA,NA,NA,NA,NA,NA,NA,NA,NA,NA,,,,,,
San_Miguel,TU16,5,green,whole,41.06,41.10,NA,NA,NA,NA,NA,NA,NA,NA,NA,NA,NA,,,,,,
San_Miguel,TU19,1,orange,little_pecked,40.90,52.48,NA,NA,NA,NA,NA,NA,NA,NA,NA,NA,NA,,,,,,
San_Miguel,TU19,2,green,whole,31.53,40.78,NA,NA,NA,NA,NA,NA,NA,NA,NA,NA,NA,,,,,,
San_Miguel,TU19,3,orange,little_pecked,27.96,36.51,NA,NA,NA,NA,NA,NA,NA,NA,NA,NA,NA,,,,,,
San_Miguel,TU19,4,green,whole,39.77,44.66,NA,NA,NA,NA,NA,NA,NA,NA,NA,NA,NA,,,,,,
San_Miguel,TU22,1,orange,whole,46.97,51.91,NA,NA,NA,NA,NA,NA,NA,NA,NA,NA,NA,,,,,,
San_Miguel,TU22,2,orange,whole,21.05,30.65,NA,NA,NA,NA,NA,NA,NA,NA,NA,NA,NA,,,,,,
San_Miguel,TU22,3,green,whole,36.35,41.81,NA,NA,NA,NA,NA,NA,NA,NA,NA,NA,NA,,,,,,
San_Miguel,TU22,4,green,whole,37.81,50.04,NA,NA,NA,NA,NA,NA,NA,NA,NA,NA,NA,,,,,,
San_Miguel,TU22,5,green,whole,35.52,47.77,NA,NA,NA,NA,NA,NA,NA,NA,NA,NA,NA,,,,,,
San_Miguel,TU27,1,orange,whole,42.25,48.17,17.35,8.02,9.33,12.25,213,0.067,5,0,2.854,6.477,2.269,,,,,,
San_Miguel,TU27,2,orange,whole,33.57,40.40,2.98,1.74,1.24,NA,41,0.060,5,0,0.492,0.748,1.520,,,,,,
San_Miguel,TU27,3,orange,whole,32.00,39.48,6.47,2.89,3.58,14.00,82,0.069,5,0,1.132,2.446,2.162,,,,,,
San_Miguel,TU27,4,orange,whole,30.87,35.28,5.74,2.65,3.09,11.00,68,0.074,5,0,1.006,2.081,2.067,,,,,,
San_Miguel,TU27,5,orange,whole,42.29,50.68,NA,NA,NA,NA,NA,NA,NA,NA,NA,NA,NA,,,,,,
San_Miguel,TU34,1,orange,whole,45.33,48.23,NA,NA,NA,NA,NA,NA,NA,NA,NA,NA,NA,,,,,,
San_Miguel,TU34,2,orange,whole,35.73,46.32,NA,NA,NA,NA,NA,NA,NA,NA,NA,NA,NA,,,,,,
San_Miguel,TU34,3,green,whole,35.65,42.63,NA,NA,NA,NA,NA,NA,NA,NA,NA,NA,NA,,,,,,
San_Miguel,TU34,4,green,whole,42.54,54.76,NA,NA,NA,NA,NA,NA,NA,NA,NA,NA,NA,,,,,,
San_Miguel,TU34,5,green,whole,40.75,50.76,NA,NA,NA,NA,NA,NA,NA,NA,NA,NA,NA,,,,,,
