"0","phylo_birdTree <- read.nexus(here(""data"", ""birdTree_phylogeny_Hackett.nex""))"
"0","code_sp <- read.table(here(""data"", ""code_birdTree_sp.txt""), head = T)"
"0",""
"0","# Create consensus tree"
"0","cons_tree <- consensus(phylo_birdTree, p = 0.5)"
"0","cons_tree <- consensus.edges(phylo_birdTree, cons_tree,"
"0","                             method = ""least.squares"")"
"2","Error in consensus.edges(phylo_birdTree, cons_tree, method = ""least.squares"") : 
  could not find function ""consensus.edges""
"
