"0","##### Fit GDM"
"0","gdmTabMod_lin <- gdm(gdmTab2, geo = F)"
"0",""
"0","# Percent Deviance Explained: goodness-of-fit"
"0","# Intercept: expected dissimilarity between sites that do not differ in the predictors"
"0","# Summary of the fitted I-splines for each predictor, including the values of the "
"0","# coefficients and their sum. "
"0","# The sum indicates the amount of compositional turnover associated with that variable, "
"0","# holding all other variables constant. I-spline summaries are order by coefficient sum. "
"0","# Variables with all coefficients=0 have no relationship with the modeled biological pattern."
"0","summary(gdmTabMod_lin)"
"1","[1]"
"1"," "
"1","
"
"1","[1]"
"1"," "
"1","
"
"1","[1]"
"1"," GDM Modelling Summary"
"1","
"
"1","[1]"
"1"," Creation Date:  Fri Jun  5 16:18:46 2026"
"1","
"
"1","[1]"
"1"," "
"1","
"
"1","[1]"
"1"," Name:  gdmTabMod_lin"
"1","
"
"1","[1]"
"1"," "
"1","
"
"1","[1]"
"1"," Data:  gdmTab2"
"1","
"
"1","[1]"
"1"," "
"1","
"
"1","[1]"
"1"," Samples:  45"
"1","
"
"1","[1]"
"1"," "
"1","
"
"1","[1]"
"1"," Geographical distance used in model fitting?  FALSE"
"1","
"
"1","[1]"
"1"," "
"1","
"
"1","[1]"
"1"," NULL Deviance:  33.653"
"1","
"
"1","[1]"
"1"," GDM Deviance:  23.205"
"1","
"
"1","[1]"
"1"," Percent Deviance Explained:  31.046"
"1","
"
"1","[1]"
"1"," "
"1","
"
"1","[1]"
"1"," Intercept:  0"
"1","
"
"1","[1]"
"1"," "
"1","
"
"1","[1]"
"1"," PREDICTOR ORDER BY SUM OF I-SPLINE COEFFICIENTS:"
"1","
"
"1","[1]"
"1"," "
"1","
"
"1","[1]"
"1"," Predictor 1: matrix_1"
"1","
"
"1","[1]"
"1"," Splines: 3"
"1","
"
"1","[1]"
"1"," Min Knot: 0"
"1","
"
"1","[1]"
"1"," 50% Knot: 15417.522"
"1","
"
"1","[1]"
"1"," Max Knot: 1417590.042"
"1","
"
"1","[1]"
"1"," Coefficient[1]: 0"
"1","
"
"1","[1]"
"1"," Coefficient[2]: 0"
"1","
"
"1","[1]"
"1"," Coefficient[3]: 1.23"
"1","
"
"1","[1]"
"1"," Sum of coefficients for matrix_1: 1.23"
"1","
"
"1","[1]"
"1"," "
"1","
"
"1","[1]"
"1"," Predictor 2: matrix_5"
"1","
"
"1","[1]"
"1"," Splines: 3"
"1","
"
"1","[1]"
"1"," Min Knot: 0"
"1","
"
"1","[1]"
"1"," 50% Knot: 0.811"
"1","
"
"1","[1]"
"1"," Max Knot: 2.533"
"1","
"
"1","[1]"
"1"," Coefficient[1]: 0"
"1","
"
"1","[1]"
"1"," Coefficient[2]: 0"
"1","
"
"1","[1]"
"1"," Coefficient[3]: 0.049"
"1","
"
"1","[1]"
"1"," Sum of coefficients for matrix_5: 0.049"
"1","
"
"1","[1]"
"1"," "
"1","
"
"1","[1]"
"1"," Predictor 3: matrix_2"
"1","
"
"1","[1]"
"1"," Splines: 3"
"1","
"
"1","[1]"
"1"," Min Knot: 0"
"1","
"
"1","[1]"
"1"," 50% Knot: 0.16"
"1","
"
"1","[1]"
"1"," Max Knot: 0.98"
"1","
"
"1","[1]"
"1"," Coefficient[1]: 0"
"1","
"
"1","[1]"
"1"," Coefficient[2]: 0"
"1","
"
"1","[1]"
"1"," Coefficient[3]: 0"
"1","
"
"1","[1]"
"1"," Sum of coefficients for matrix_2: 0"
"1","
"
"1","[1]"
"1"," "
"1","
"
"1","[1]"
"1"," Predictor 4: matrix_3"
"1","
"
"1","[1]"
"1"," Splines: 3"
"1","
"
"1","[1]"
"1"," Min Knot: 0"
"1","
"
"1","[1]"
"1"," 50% Knot: 0.002"
"1","
"
"1","[1]"
"1"," Max Knot: 0.903"
"1","
"
"1","[1]"
"1"," Coefficient[1]: 0"
"1","
"
"1","[1]"
"1"," Coefficient[2]: 0"
"1","
"
"1","[1]"
"1"," Coefficient[3]: 0"
"1","
"
"1","[1]"
"1"," Sum of coefficients for matrix_3: 0"
"1","
"
"1","[1]"
"1"," "
"1","
"
"1","[1]"
"1"," Predictor 5: matrix_4"
"1","
"
"1","[1]"
"1"," Splines: 3"
"1","
"
"1","[1]"
"1"," Min Knot: 0"
"1","
"
"1","[1]"
"1"," 50% Knot: 0"
"1","
"
"1","[1]"
"1"," Max Knot: 25.908"
"1","
"
"1","[1]"
"1"," Coefficient[1]: 0"
"1","
"
"1","[1]"
"1"," Coefficient[2]: 0"
"1","
"
"1","[1]"
"1"," Coefficient[3]: 0"
"1","
"
"1","[1]"
"1"," Sum of coefficients for matrix_4: 0"
"1","
"
"1","[1]"
"1"," "
"1","
"
"1","[1]"
"1"," Predictor 6: matrix_6"
"1","
"
"1","[1]"
"1"," Splines: 3"
"1","
"
"1","[1]"
"1"," Min Knot: 0"
"1","
"
"1","[1]"
"1"," 50% Knot: 0.811"
"1","
"
"1","[1]"
"1"," Max Knot: 2.533"
"1","
"
"1","[1]"
"1"," Coefficient[1]: 0"
"1","
"
"1","[1]"
"1"," Coefficient[2]: 0"
"1","
"
"1","[1]"
"1"," Coefficient[3]: 0"
"1","
"
"1","[1]"
"1"," Sum of coefficients for matrix_6: 0"
"1","
"
"1","[1]"
"1"," "
"1","
"
"1","[1]"
"1"," Predictor 7: matrix_7"
"1","
"
"1","[1]"
"1"," Splines: 3"
"1","
"
"1","[1]"
"1"," Min Knot: 0"
"1","
"
"1","[1]"
"1"," 50% Knot: 48.422"
"1","
"
"1","[1]"
"1"," Max Knot: 111.595"
"1","
"
"1","[1]"
"1"," Coefficient[1]: 0"
"1","
"
"1","[1]"
"1"," Coefficient[2]: 0"
"1","
"
"1","[1]"
"1"," Coefficient[3]: 0"
"1","
"
"1","[1]"
"1"," Sum of coefficients for matrix_7: 0"
"1","
"
"1","[1]"
"1"," "
"1","
"
"1","[1]"
"1"," Predictor 8: matrix_8"
"1","
"
"1","[1]"
"1"," Splines: 3"
"1","
"
"1","[1]"
"1"," Min Knot: 0"
"1","
"
"1","[1]"
"1"," 50% Knot: 0.02"
"1","
"
"1","[1]"
"1"," Max Knot: 8.603"
"1","
"
"1","[1]"
"1"," Coefficient[1]: 0"
"1","
"
"1","[1]"
"1"," Coefficient[2]: 0"
"1","
"
"1","[1]"
"1"," Coefficient[3]: 0"
"1","
"
"1","[1]"
"1"," Sum of coefficients for matrix_8: 0"
"1","
"
"0","# Plots "
"0","gdm.1.splineDat <- isplineExtract(gdmTabMod_lin)"
"0","df_spline_geo <- data.frame(x = gdm.1.splineDat$x[, ""matrix_1""], "
"0","                        y = gdm.1.splineDat$y[, ""matrix_1""]) "
"0","df_points_geo <- gdmTab2 %>%"
"0","  mutate("
"0","    geo_dist = sqrt((s1.xCoord - s2.xCoord)^2 + (s1.yCoord - s2.yCoord)^2)"
"0","  )"
"0",""
"0","ggplot() +"
"0","  geom_point("
"0","    data = df_points_geo,"
"0","    aes(x = geo_dist, y = distance),"
"0","    size = 3"
"0","  ) +"
"0","  geom_line("
"0","    data = df_spline_geo,"
"0","    aes(x = x, y = y),"
"0","    linewidth = 1.2"
"0","  ) +"
"0","  labs("
"0","    x = ""Geographic distance (projected meters)"","
"0","    y = ""Linear gradient dissimilarity"") +"
"0","  theme_bw()"
