"0","# Plot models
df_smooths <- df_models %>%
  mutate(
    smooths = map(gam_fit, ~ smooth_estimates(.x))
  ) %>%
  select(populationID, smooths) %>%
  unnest(smooths)
"
"1","[1m[33mError[39m in `mutate()`:[22m
[38;5;255m[36mℹ[38;5;255m In argument: `smooths = map(gam_fit, ~smooth_estimates(.x))`.[39m
[1mCaused by error in `map.poly()`:[22m
[33m![39m database type not supported.
[90mRun `]8;;x-r-run:rlang::last_trace()rlang::last_trace()]8;;` to see where the error occurred.[39m
"
